make: *** No rule to make target 'clean'.  Stop.
python determined to be '/usr/bin/python3'
python version: Python 3.12.3
mkvenv: Creating non-isolated virtual environment at 'pyvenv'
mkvenv: checking for LegacyMatcher('meson>=1.5.0')
mkvenv: checking for LegacyMatcher('pycotap>=1.1.0')
mkvenv: installing meson==1.8.1, pycotap==1.3.1
mkvenv: checking for LegacyMatcher('sphinx>=3.4.3')
mkvenv: checking for LegacyMatcher('sphinx_rtd_theme>=0.5')

'sphinx==6.2.1' not found:
 • Python package 'sphinx' was not found nor installed.
 • mkvenv was configured to operate offline and did not check PyPI.


Sphinx not found/usable, disabling docs.
The Meson build system
Version: 1.8.1
Source dir: /home/changhyun/Documents/Codex/2026-08-22/files-mentioned-by-the-user-handoff/work/FEMU
Build dir: /home/changhyun/Documents/Codex/2026-08-22/files-mentioned-by-the-user-handoff/work/FEMU/build-femu
Build type: native build
Project name: qemu
Project version: 10.1.0
C compiler for the host machine: cc -m64 (gcc 13.3.0 "cc (Ubuntu 13.3.0-6ubuntu2~24.04.1) 13.3.0")
C linker for the host machine: cc -m64 ld.bfd 2.42
Host machine cpu family: x86_64
Host machine cpu: x86_64
Program scripts/symlink-install-tree.py found: YES (/home/changhyun/Documents/Codex/2026-08-22/files-mentioned-by-the-user-handoff/work/FEMU/build-femu/pyvenv/bin/python3 /home/changhyun/Documents/Codex/2026-08-22/files-mentioned-by-the-user-handoff/work/FEMU/scripts/symlink-install-tree.py)
Program sh found: YES (/usr/bin/sh)
Program python3 found: YES (/home/changhyun/Documents/Codex/2026-08-22/files-mentioned-by-the-user-handoff/work/FEMU/build-femu/pyvenv/bin/python3)
Compiler for language rust skipped: feature rust disabled
Program iasl found: NO
Program bzip2 found: YES (/usr/bin/bzip2)
Compiler for C supports link arguments -Wl,-z,relro: YES 
Compiler for C supports link arguments -Wl,-z,now: YES 
Checking if "-fzero-call-used-regs=used-gpr" compiles: YES 
Compiler for C supports arguments -ftrivial-auto-var-init=zero: YES 
Compiler for C supports arguments -fzero-call-used-regs=used-gpr: YES 
Compiler for C supports arguments -Wempty-body: YES 
Compiler for C supports arguments -Wendif-labels: YES 
Compiler for C supports arguments -Wexpansion-to-defined: YES 
Compiler for C supports arguments -Wformat-security: YES 
Compiler for C supports arguments -Wformat-y2k: YES 
Compiler for C supports arguments -Wignored-qualifiers: YES 
Compiler for C supports arguments -Wimplicit-fallthrough=2: YES 
Compiler for C supports arguments -Winit-self: YES 
Compiler for C supports arguments -Wmissing-format-attribute: YES 
Compiler for C supports arguments -Wmissing-prototypes: YES 
Compiler for C supports arguments -Wnested-externs: YES 
Compiler for C supports arguments -Wold-style-declaration: YES 
Compiler for C supports arguments -Wold-style-definition: YES 
Compiler for C supports arguments -Wredundant-decls: YES 
Compiler for C supports arguments -Wshadow=local: YES 
Compiler for C supports arguments -Wstrict-prototypes: YES 
Compiler for C supports arguments -Wtype-limits: YES 
Compiler for C supports arguments -Wundef: YES 
Compiler for C supports arguments -Wvla: YES 
Compiler for C supports arguments -Wwrite-strings: YES 
Compiler for C supports arguments -Wno-gnu-variable-sized-type-not-at-end: NO 
Compiler for C supports arguments -Wno-initializer-overrides: NO 
Compiler for C supports arguments -Wno-missing-include-dirs: YES 
Compiler for C supports arguments -Wno-psabi: YES 
Compiler for C supports arguments -Wno-shift-negative-value: YES 
Compiler for C supports arguments -Wno-string-plus-int: NO 
Compiler for C supports arguments -Wno-tautological-type-limit-compare: NO 
Compiler for C supports arguments -Wno-typedef-redefinition: NO 
Program cgcc found: NO
Library m found: YES
Run-time dependency threads found: YES
Library util found: YES
Run-time dependency appleframeworks found: NO (tried framework)
Found pkg-config: YES (/usr/bin/pkg-config) 1.8.1
Run-time dependency xencontrol found: NO (tried pkgconfig)
Library xenstore found: NO
Library xenctrl found: NO
Library xendevicemodel found: NO
Library xenforeignmemory found: NO
Library xengnttab found: NO
Library xenevtchn found: NO
Library xentoolcore found: NO
Run-time dependency glib-2.0 found: YES 2.80.0
Run-time dependency gmodule-no-export-2.0 found: YES 2.80.0
Run-time dependency gio-2.0 found: YES 2.80.0
Program gdbus-codegen found: YES (/usr/bin/gdbus-codegen)
Run-time dependency gio-unix-2.0 found: YES 2.80.0
Program scripts/xml-preprocess.py found: YES (/home/changhyun/Documents/Codex/2026-08-22/files-mentioned-by-the-user-handoff/work/FEMU/build-femu/pyvenv/bin/python3 /home/changhyun/Documents/Codex/2026-08-22/files-mentioned-by-the-user-handoff/work/FEMU/scripts/xml-preprocess.py)
Run-time dependency pixman-1 found: YES 0.42.2
Run-time dependency zlib found: YES 1.3
Has header "libaio.h" : YES 
Library aio found: YES
Run-time dependency liburing found: NO (tried pkgconfig)
Run-time dependency libnfs found: NO (tried pkgconfig)
Run-time dependency appleframeworks found: NO (tried framework)
Run-time dependency appleframeworks found: NO (tried framework)
Run-time dependency libseccomp found: NO (tried pkgconfig)
Has header "cap-ng.h" : NO 
Run-time dependency xkbcommon found: NO (tried pkgconfig)
Run-time dependency slirp found: YES 4.7.0
Has header "libvdeplug.h" : NO 
Run-time dependency libpulse found: NO (tried pkgconfig)
Run-time dependency alsa found: NO (tried pkgconfig)
Run-time dependency jack found: NO (tried pkgconfig)
Run-time dependency libpipewire-0.3 found: NO (tried pkgconfig)
Run-time dependency sndio found: NO (tried pkgconfig)
Run-time dependency spice-protocol found: NO (tried pkgconfig)
Run-time dependency spice-server found: NO (tried pkgconfig)
Library rt found: YES
Run-time dependency libiscsi found: NO (tried pkgconfig)
Run-time dependency libzstd found: YES 1.5.5
Run-time dependency qpl found: NO (tried pkgconfig)
Run-time dependency libwd found: NO (tried pkgconfig)
Run-time dependency libwd_comp found: NO (tried pkgconfig)
Run-time dependency qatzip found: NO (tried pkgconfig)
Run-time dependency virglrenderer found: NO (tried pkgconfig)
Run-time dependency rutabaga_gfx_ffi found: NO (tried pkgconfig)
Run-time dependency blkio found: NO (tried pkgconfig)
Run-time dependency libcurl found: NO (tried pkgconfig)
Run-time dependency libudev found: NO (tried pkgconfig)
Run-time dependency igvm found: NO (tried pkgconfig)
Library mpathpersist found: NO
Run-time dependency ncursesw found: NO (tried pkgconfig)
Has header "curses.h" : NO 
Message: Trying with /usr/include/ncursesw
Has header "curses.h" : NO 
Has header "brlapi.h" : NO 
sdl2-config found: NO
Did not find CMake 'cmake'
Found CMake: NO
Run-time dependency sdl2 found: NO (tried pkgconfig, config-tool and cmake)
Library rados found: NO
Has header "rbd/librbd.h" : NO 
Run-time dependency glusterfs-api found: NO (tried pkgconfig)
Run-time dependency libssh found: NO (tried pkgconfig)
Has header "bzlib.h" : NO 
Has header "lzfse.h" : NO 
Has header "sys/soundcard.h" : YES 
Run-time dependency epoxy found: NO (tried pkgconfig)
Has header "epoxy/egl.h" with dependency epoxy: NO 
Run-time dependency libcbor found: NO (tried pkgconfig and cmake)
Run-time dependency gnutls found: NO (tried pkgconfig)
Run-time dependency gnutls found: NO (tried pkgconfig)
libgcrypt-config found: NO need ['>=1.8']
Run-time dependency libgcrypt found: NO (tried pkgconfig and config-tool)
Run-time dependency nettle found: NO (tried pkgconfig)
Run-time dependency capstone found: NO (tried pkgconfig)
Run-time dependency gmp found: NO (tried pkgconfig)
Run-time dependency gtk+-3.0 found: NO (tried pkgconfig)
Run-time dependency libpng found: NO (tried pkgconfig)
Run-time dependency libjpeg found: NO (tried pkgconfig)
Has header "sasl/sasl.h" : NO 
Has header "security/pam_appl.h" : NO 
Has header "snappy-c.h" : NO 
Has header "lzo/lzo1x.h" : NO 
Has header "numa.h" : YES 
Library numa found: YES
Library fdt found: YES
Has header "rdma/rdma_cma.h" : NO 
Library ibverbs found: NO
Run-time dependency libcacard found: NO (tried pkgconfig)
Run-time dependency u2f-emu found: NO (tried pkgconfig)
Run-time dependency canokey-qemu found: NO (tried pkgconfig)
Run-time dependency libusbredirparser-0.5 found: NO (tried pkgconfig)
Run-time dependency libusb-1.0 found: NO (tried pkgconfig)
Run-time dependency libpmem found: NO (tried pkgconfig)
Run-time dependency libdaxctl found: NO (tried pkgconfig)
Run-time dependency libkeyutils found: NO (tried pkgconfig)
Checking for function "gettid" : YES 
Run-time dependency libselinux found: YES 3.5
Checking for function "malloc_trim" : YES 
Run-time dependency fuse3 found: NO (tried pkgconfig)
Run-time dependency libbpf found: NO (tried pkgconfig)
Dependency ubpf skipped: feature femu_csd_ubpf disabled
Initialized empty Git repository in /home/changhyun/Documents/Codex/2026-08-22/files-mentioned-by-the-user-handoff/work/FEMU/subprojects/keycodemapdb/.git/
From https://gitlab.com/qemu-project/keycodemapdb
 * branch            f5772a62ec52591ff6870b7e8ef32482371f22c6 -> FETCH_HEAD
HEAD is now at f5772a6 Add Qemu qcode support for F13 to F24
Run-time dependency libdw found: YES 0.190
Header "linux/fs.h" has symbol "FIFREEZE" : YES 
Header "linux/fs.h" has symbol "FITRIM" : YES 
Checking for function "numa_has_preferred_many" with dependency -lnuma: YES 
Has header "sys/epoll.h" : YES 
Has header "linux/magic.h" : YES 
Has header "valgrind/valgrind.h" : NO 
Has header "linux/btrfs.h" : YES 
Has header "libdrm/drm.h" : NO 
Has header "linux/openat2.h" : YES 
Has header "pty.h" : YES 
Has header "sys/disk.h" : NO 
Has header "sys/ioccom.h" : NO 
Has header "sys/kcov.h" : NO 
Checking for function "close_range" : YES 
Checking for function "accept4" : YES 
Checking for function "clock_adjtime" : YES 
Checking for function "dup3" : YES 
Checking for function "fallocate" : YES 
Checking for function "posix_fallocate" : YES 
Checking for function "sched_getcpu" : NO 
Checking for function "posix_memalign" : YES 
Checking for function "_aligned_malloc" : NO 
Checking for function "valloc" : YES 
Checking for function "memalign" : YES 
Checking for function "ppoll" : YES 
Checking for function "preadv" : YES 
Checking for function "pthread_fchdir_np" : NO 
Checking for function "sendfile" : YES 
Checking for function "setns" : YES 
Checking for function "unshare" : YES 
Checking for function "syncfs" : YES 
Checking for function "sync_file_range" : YES 
Checking for function "timerfd_create" : YES 
Checking for function "getloadavg" : YES 
Checking for function "copy_file_range" : YES 
Checking for function "getifaddrs" : YES 
Checking for function "openpty" with dependency -lutil: YES 
Checking for function "strchrnul" : YES 
Checking for function "system" : YES 
Header "sys/inotify.h" has symbol "inotify_init" : YES 
Header "sys/inotify.h" has symbol "inotify_init1" : YES 
Header "linux/blkzoned.h" has symbol "BLKOPENZONE" : YES 
Header "sys/epoll.h" has symbol "epoll_create1" : YES 
Header "linux/falloc.h" has symbol "FALLOC_FL_PUNCH_HOLE" : YES 
Header "linux/falloc.h" has symbol "FALLOC_FL_KEEP_SIZE" : YES 
Header "linux/falloc.h" has symbol "FALLOC_FL_ZERO_RANGE" : YES 
Has header "linux/fiemap.h" : YES 
Header "linux/fs.h" has symbol "FS_IOC_FIEMAP" : YES 
Header "sched.h" has symbol "getcpu" : YES 
Checking for function "getrandom" : YES 
Header "sys/random.h" has symbol "GRND_NONBLOCK" : YES 
Header "sys/prctl.h" has symbol "PR_SET_TIMERSLACK" : YES 
Header "linux/rtnetlink.h" has symbol "IFLA_PROTO_DOWN" : YES 
Header "sys/sysmacros.h" has symbol "makedev" : YES 
Header "getopt.h" has symbol "optreset" : NO 
Header "netinet/in.h" has symbol "IPPROTO_MPTCP" : YES 
Header "libaio.h" has symbol "io_prep_pwritev2" : YES 
Header "netinet/tcp.h" has symbol "TCP_KEEPCNT" : YES 
Header "netinet/tcp.h" has symbol "TCP_KEEPIDLE" : YES 
Header "netinet/tcp.h" has symbol "TCP_KEEPINTVL" : YES 
Checking whether type "struct sigevent" has member "sigev_notify_thread_id" : NO 
Checking whether type "struct stat" has member "st_atim" : YES 
Checking whether type "struct blk_zone" has member "capacity" : YES 
Checking for type "struct iovec" : YES 
Checking for type "struct utmpx" : YES 
Checking for type "struct mmsghdr" : YES 
Header "asm/hwprobe.h" has symbol "RISCV_HWPROBE_EXT_ZBA" : NO 
Header "linux/vm_sockets.h" has symbol "AF_VSOCK" : YES 
Checking for size of "void *" : 8 
Program scripts/minikconf.py found: YES (/home/changhyun/Documents/Codex/2026-08-22/files-mentioned-by-the-user-handoff/work/FEMU/build-femu/pyvenv/bin/python3 /home/changhyun/Documents/Codex/2026-08-22/files-mentioned-by-the-user-handoff/work/FEMU/scripts/minikconf.py)
Configuring x86_64-softmmu-config-target.h using configuration
Configuring x86_64-softmmu-config-devices.mak with command
Reading depfile: /home/changhyun/Documents/Codex/2026-08-22/files-mentioned-by-the-user-handoff/work/FEMU/build-femu/meson-private/x86_64-softmmu-config-devices.mak.d
Configuring x86_64-softmmu-config-devices.h using configuration
Program scripts/make-config-poison.sh found: YES (/home/changhyun/Documents/Codex/2026-08-22/files-mentioned-by-the-user-handoff/work/FEMU/scripts/make-config-poison.sh)

Executing subproject libvhost-user 

libvhost-user| Project name: libvhost-user
libvhost-user| Project version: undefined
libvhost-user| C compiler for the host machine: cc -m64 (gcc 13.3.0 "cc (Ubuntu 13.3.0-6ubuntu2~24.04.1) 13.3.0")
libvhost-user| C linker for the host machine: cc -m64 ld.bfd 2.42
libvhost-user| Compiler for C supports arguments -Wsign-compare: YES
libvhost-user| Compiler for C supports arguments -Wdeclaration-after-statement: YES
libvhost-user| Compiler for C supports arguments -Wstrict-aliasing: YES
libvhost-user| Dependency threads found: YES unknown (cached)
libvhost-user| Dependency glib-2.0 found: YES 2.80.0 (overridden)
libvhost-user| Build targets in project: 4
libvhost-user| Subproject libvhost-user finished.


Executing subproject libvduse 

libvduse| Project name: libvduse
libvduse| Project version: undefined
libvduse| C compiler for the host machine: cc -m64 (gcc 13.3.0 "cc (Ubuntu 13.3.0-6ubuntu2~24.04.1) 13.3.0")
libvduse| C linker for the host machine: cc -m64 ld.bfd 2.42
libvduse| Compiler for C supports arguments -Wsign-compare: YES (cached)
libvduse| Compiler for C supports arguments -Wdeclaration-after-statement: YES (cached)
libvduse| Compiler for C supports arguments -Wstrict-aliasing: YES (cached)
libvduse| Build targets in project: 5
libvduse| Subproject libvduse finished.

Configuring config-host.h using configuration
Program scripts/hxtool found: YES (/home/changhyun/Documents/Codex/2026-08-22/files-mentioned-by-the-user-handoff/work/FEMU/scripts/hxtool)
Program scripts/shaderinclude.py found: YES (/home/changhyun/Documents/Codex/2026-08-22/files-mentioned-by-the-user-handoff/work/FEMU/build-femu/pyvenv/bin/python3 /home/changhyun/Documents/Codex/2026-08-22/files-mentioned-by-the-user-handoff/work/FEMU/scripts/shaderinclude.py)
Program scripts/qapi-gen.py found: YES (/home/changhyun/Documents/Codex/2026-08-22/files-mentioned-by-the-user-handoff/work/FEMU/build-femu/pyvenv/bin/python3 /home/changhyun/Documents/Codex/2026-08-22/files-mentioned-by-the-user-handoff/work/FEMU/scripts/qapi-gen.py)
Program scripts/qemu-version.sh found: YES (/home/changhyun/Documents/Codex/2026-08-22/files-mentioned-by-the-user-handoff/work/FEMU/scripts/qemu-version.sh)

Executing subproject keycodemapdb 

keycodemapdb| Project name: keycodemapdb
keycodemapdb| Project version: undefined
keycodemapdb| Program tools/keymap-gen found: YES (/home/changhyun/Documents/Codex/2026-08-22/files-mentioned-by-the-user-handoff/work/FEMU/subprojects/keycodemapdb/tools/keymap-gen)
keycodemapdb| Build targets in project: 286
keycodemapdb| Subproject keycodemapdb finished.

Program scripts/decodetree.py found: YES (/home/changhyun/Documents/Codex/2026-08-22/files-mentioned-by-the-user-handoff/work/FEMU/build-femu/pyvenv/bin/python3 /home/changhyun/Documents/Codex/2026-08-22/files-mentioned-by-the-user-handoff/work/FEMU/scripts/decodetree.py)
Program ../scripts/modules/module_block.py found: YES (/home/changhyun/Documents/Codex/2026-08-22/files-mentioned-by-the-user-handoff/work/FEMU/build-femu/pyvenv/bin/python3 /home/changhyun/Documents/Codex/2026-08-22/files-mentioned-by-the-user-handoff/work/FEMU/block/../scripts/modules/module_block.py)
Program ../scripts/block-coroutine-wrapper.py found: YES (/home/changhyun/Documents/Codex/2026-08-22/files-mentioned-by-the-user-handoff/work/FEMU/build-femu/pyvenv/bin/python3 /home/changhyun/Documents/Codex/2026-08-22/files-mentioned-by-the-user-handoff/work/FEMU/block/../scripts/block-coroutine-wrapper.py)
Configuring qemu-plugin.symbols with command
Program scripts/modinfo-collect.py found: YES (/home/changhyun/Documents/Codex/2026-08-22/files-mentioned-by-the-user-handoff/work/FEMU/build-femu/pyvenv/bin/python3 /home/changhyun/Documents/Codex/2026-08-22/files-mentioned-by-the-user-handoff/work/FEMU/scripts/modinfo-collect.py)
Program scripts/modinfo-generate.py found: YES (/home/changhyun/Documents/Codex/2026-08-22/files-mentioned-by-the-user-handoff/work/FEMU/build-femu/pyvenv/bin/python3 /home/changhyun/Documents/Codex/2026-08-22/files-mentioned-by-the-user-handoff/work/FEMU/scripts/modinfo-generate.py)
Initialized empty Git repository in /home/changhyun/Documents/Codex/2026-08-22/files-mentioned-by-the-user-handoff/work/FEMU/subprojects/berkeley-softfloat-3/.git/
From https://gitlab.com/qemu-project/berkeley-softfloat-3
 * branch            b64af41c3276f97f0e181920400ee056b9c88037 -> FETCH_HEAD
HEAD is now at b64af41 Fix typo in function 'softfloat_propagateNaNF128M' for RISC-V.
Initialized empty Git repository in /home/changhyun/Documents/Codex/2026-08-22/files-mentioned-by-the-user-handoff/work/FEMU/subprojects/berkeley-testfloat-3/.git/
From https://gitlab.com/qemu-project/berkeley-testfloat-3
 * branch            e7af9751d9f9fd3b47911f51a5cfd08af256a9ab -> FETCH_HEAD
HEAD is now at e7af975 Fix -Wreturn-type errors in fNNRandom
Program nm found: YES
Program scripts/undefsym.py found: YES (/home/changhyun/Documents/Codex/2026-08-22/files-mentioned-by-the-user-handoff/work/FEMU/build-femu/pyvenv/bin/python3 /home/changhyun/Documents/Codex/2026-08-22/files-mentioned-by-the-user-handoff/work/FEMU/scripts/undefsym.py)
Program scripts/feature_to_c.py found: YES (/home/changhyun/Documents/Codex/2026-08-22/files-mentioned-by-the-user-handoff/work/FEMU/build-femu/pyvenv/bin/python3 /home/changhyun/Documents/Codex/2026-08-22/files-mentioned-by-the-user-handoff/work/FEMU/scripts/feature_to_c.py)
Program scripts/rust/rust_root_crate.sh found: YES (/home/changhyun/Documents/Codex/2026-08-22/files-mentioned-by-the-user-handoff/work/FEMU/scripts/rust/rust_root_crate.sh)
Configuring 50-edk2-i386-secure.json using configuration
Configuring 50-edk2-x86_64-secure.json using configuration
Configuring 60-edk2-aarch64.json using configuration
Configuring 60-edk2-arm.json using configuration
Configuring 60-edk2-i386.json using configuration
Configuring 60-edk2-x86_64.json using configuration
Configuring 60-edk2-loongarch64.json using configuration
Configuring 60-edk2-riscv64.json using configuration
Program dtc found: NO
Program qemu-keymap found: NO
Program /home/changhyun/Documents/Codex/2026-08-22/files-mentioned-by-the-user-handoff/work/FEMU/build-femu/pyvenv/bin/sphinx-build skipped: feature docs disabled
Program bash found: YES 5.2.21 5.2.21 (/usr/bin/bash)
Program /home/changhyun/Documents/Codex/2026-08-22/files-mentioned-by-the-user-handoff/work/FEMU/scripts/decodetree.py found: YES (/home/changhyun/Documents/Codex/2026-08-22/files-mentioned-by-the-user-handoff/work/FEMU/build-femu/pyvenv/bin/python3 /home/changhyun/Documents/Codex/2026-08-22/files-mentioned-by-the-user-handoff/work/FEMU/scripts/decodetree.py)

Executing subproject berkeley-softfloat-3 

berkeley-softfloat-3| Project name: berkeley-softfloat-3
berkeley-softfloat-3| Project version: undefined
berkeley-softfloat-3| C compiler for the host machine: cc -m64 (gcc 13.3.0 "cc (Ubuntu 13.3.0-6ubuntu2~24.04.1) 13.3.0")
berkeley-softfloat-3| C linker for the host machine: cc -m64 ld.bfd 2.42
berkeley-softfloat-3| Configuring platform.h using configuration
berkeley-softfloat-3| Build targets in project: 414
berkeley-softfloat-3| Subproject berkeley-softfloat-3 finished.


Executing subproject berkeley-testfloat-3 

berkeley-testfloat-3| Project name: berkeley-testfloat-3
berkeley-testfloat-3| Project version: undefined
berkeley-testfloat-3| C compiler for the host machine: cc -m64 (gcc 13.3.0 "cc (Ubuntu 13.3.0-6ubuntu2~24.04.1) 13.3.0")
berkeley-testfloat-3| C linker for the host machine: cc -m64 ld.bfd 2.42
berkeley-testfloat-3| Configuring platform.h using configuration
berkeley-testfloat-3| Compiler for C supports arguments -Wno-ignored-pragmas: NO
berkeley-testfloat-3| Build targets in project: 416
berkeley-testfloat-3| Subproject berkeley-testfloat-3 finished.

Program diff found: YES (/usr/bin/diff)
Program dbus-daemon found: YES (/usr/bin/dbus-daemon)
Run-time dependency gvnc-1.0 found: NO (tried pkgconfig)
Run-time dependency sysprof-capture-4 found: NO (tried pkgconfig)
Run-time dependency glib-2.0 found: YES 2.80.0
Program initrd-stress.sh found: YES (/home/changhyun/Documents/Codex/2026-08-22/files-mentioned-by-the-user-handoff/work/FEMU/tests/migration-stress/initrd-stress.sh)
Build targets in project: 622

qemu 10.1.0

  Build environment
    Build directory                 : /home/changhyun/Documents/Codex/2026-08-22/files-mentioned-by-the-user-handoff/work/FEMU/build-femu
    Source path                     : /home/changhyun/Documents/Codex/2026-08-22/files-mentioned-by-the-user-handoff/work/FEMU
    Download dependencies           : YES

  Directories
    Build directory                 : /home/changhyun/Documents/Codex/2026-08-22/files-mentioned-by-the-user-handoff/work/FEMU/build-femu
    Source path                     : /home/changhyun/Documents/Codex/2026-08-22/files-mentioned-by-the-user-handoff/work/FEMU
    Download dependencies           : YES
    Install prefix                  : /usr/local
    BIOS directory                  : share/qemu
    firmware path                   : share/qemu-firmware
    binary directory                : /usr/local/bin
    library directory               : /usr/local/lib/x86_64-linux-gnu
    module directory                : lib/x86_64-linux-gnu/qemu
    libexec directory               : /usr/local/libexec
    include directory               : /usr/local/include
    config directory                : /usr/local/etc
    local state directory           : /var/local
    Manual directory                : /usr/local/share/man
    Doc directory                   : /usr/local/share/doc

  Host binaries
    python                          : /home/changhyun/Documents/Codex/2026-08-22/files-mentioned-by-the-user-handoff/work/FEMU/build-femu/pyvenv/bin/python3 (version: 3.12)
    sphinx-build                    : NO
    gdb                             : /usr/bin/gdb
    iasl                            : NO
    genisoimage                     : 
    smbd                            : /usr/sbin/smbd

  Configurable features
    Documentation                   : NO
    system-mode emulation           : YES
    user-mode emulation             : NO
    block layer                     : YES
    Install blobs                   : YES
    module support                  : NO
    fuzzing support                 : NO
    Audio drivers                   : oss
    Trace backends                  : log
    QOM debugging                   : YES
    Relocatable install             : YES
    vhost-kernel support            : YES
    vhost-net support               : YES
    vhost-user support              : YES
    vhost-user-crypto support       : YES
    vhost-user-blk server support   : YES
    vhost-vdpa support              : YES
    build guest agent               : YES

  Compilation
    host CPU                        : x86_64
    host endianness                 : little
    C compiler                      : cc -m64
    Host C compiler                 : cc -m64
    C++ compiler                    : NO
    Objective-C compiler            : NO
    Rust support                    : NO
    CFLAGS                          : -g -O2
    QEMU_CFLAGS                     : -mcx16 -msse2 -D_GNU_SOURCE -D_FILE_OFFSET_BITS=64 -D_LARGEFILE_SOURCE -fno-strict-aliasing -fno-common -fwrapv -ftrivial-auto-var-init=zero -fzero-call-used-regs=used-gpr -fstack-protector-strong
    QEMU_LDFLAGS                    : -fstack-protector-strong -Wl,-z,relro -Wl,-z,now
    link-time optimization (LTO)    : NO
    PIE                             : YES
    static build                    : NO
    malloc trim support             : YES
    membarrier                      : NO
    debug graph lock                : NO
    debug stack usage               : NO
    mutex debugging                 : NO
    memory allocator                : system
    avx2 optimization               : YES
    avx512bw optimization           : YES
    gcov                            : NO
    thread sanitizer                : NO
    CFI support                     : NO
    strip binaries                  : NO
    sparse                          : NO
    mingw32 support                 : NO

  Cross compilers
    x86_64                          : cc

  Targets and accelerators
    KVM support                     : YES
    HVF support                     : NO
    WHPX support                    : NO
    NVMM support                    : NO
    Xen support                     : NO
    Xen emulation                   : YES
    TCG support                     : YES
    TCG backend                     : native (x86_64)
    TCG plugins                     : YES
    TCG debug enabled               : NO
    target list                     : x86_64-softmmu
    default devices                 : YES
    out of process emulation        : YES
    vfio-user server                : NO

  Block layer support
    coroutine backend               : ucontext
    coroutine pool                  : YES
    Block whitelist (rw)            : 
    Block whitelist (ro)            : 
    Use block whitelist in tools    : NO
    VirtFS (9P) support             : YES
    replication support             : YES
    bochs support                   : YES
    cloop support                   : YES
    dmg support                     : YES
    qcow v1 support                 : YES
    vdi support                     : YES
    vhdx support                    : YES
    vmdk support                    : YES
    vpc support                     : YES
    vvfat support                   : YES
    qed support                     : YES
    parallels support               : YES
    FUSE exports                    : NO
    VDUSE block exports             : YES

  Crypto
    TLS priority                    : NORMAL
    GNUTLS support                  : NO
    libgcrypt                       : NO
    nettle                          : NO
    SM4 ALG support                 : NO
    SM3 ALG support                 : NO
    AF_ALG support                  : NO
    rng-none                        : NO
    Linux keyring                   : YES
    Linux keyutils                  : NO

  User interface
    D-Bus display                   : YES
    SDL support                     : NO
    SDL image support               : NO
    GTK support                     : NO
    pixman                          : YES 0.42.2
    VTE support                     : NO
    PNG support                     : NO
    VNC support                     : YES
    VNC SASL support                : NO
    VNC JPEG support                : NO
    spice protocol support          : NO
    curses support                  : NO
    brlapi support                  : NO

  Graphics backends
    VirGL support                   : NO
    Rutabaga support                : NO

  Audio backends
    OSS support                     : YES
    sndio support                   : NO
    ALSA support                    : NO
    PulseAudio support              : NO
    PipeWire support                : NO
    JACK support                    : NO

  Network backends
    AF_XDP support                  : NO
    passt support                   : YES
    slirp support                   : YES 4.7.0
    vde support                     : NO
    netmap support                  : NO
    l2tpv3 support                  : YES

  Dependencies
    libtasn1                        : NO
    PAM                             : NO
    iconv support                   : YES
    blkio support                   : NO
    curl support                    : NO
    Multipath support               : NO
    Linux AIO support               : YES
    Linux io_uring support          : NO
    ATTR/XATTR support              : YES
    RDMA support                    : NO
    fdt support                     : YES
    libcap-ng support               : NO
    bpf support                     : NO
    rbd support                     : NO
    smartcard support               : NO
    U2F support                     : NO
    libusb                          : NO
    usb net redir                   : NO
    OpenGL support (epoxy)          : NO
    GBM                             : NO
    libiscsi support                : NO
    libnfs support                  : NO
    seccomp support                 : NO
    GlusterFS support               : NO
    hv-balloon support              : YES
    TPM support                     : YES
    IGVM support                    : NO
    libssh support                  : NO
    lzo support                     : NO
    snappy support                  : NO
    bzip2 support                   : NO
    lzfse support                   : NO
    zstd support                    : YES 1.5.5
    Query Processing Library support: NO
    UADK Library support            : NO
    qatzip support                  : NO
    NUMA host support               : YES
    capstone                        : NO
    libpmem support                 : NO
    libdaxctl support               : NO
    libcbor support                 : NO
    libudev                         : NO
    FUSE lseek                      : NO
    selinux                         : YES 3.5
    libdw                           : YES 0.190
    valgrind                        : NO

  Subprojects
    berkeley-softfloat-3            : YES
    berkeley-testfloat-3            : YES
    keycodemapdb                    : YES
    libvduse                        : YES
    libvhost-user                   : YES

  User defined options
    Native files                    : config-meson.cross
    docs                            : disabled
    kvm                             : enabled
    plugins                         : true
    slirp                           : enabled

Found ninja-1.11.1 at /usr/bin/ninja
Running postconf script '/home/changhyun/Documents/Codex/2026-08-22/files-mentioned-by-the-user-handoff/work/FEMU/build-femu/pyvenv/bin/python3 /home/changhyun/Documents/Codex/2026-08-22/files-mentioned-by-the-user-handoff/work/FEMU/scripts/symlink-install-tree.py'
ninja: no work to do.
/home/changhyun/Documents/Codex/2026-08-22/files-mentioned-by-the-user-handoff/work/FEMU/build-femu/pyvenv/bin/meson introspect --targets --tests --benchmarks | /home/changhyun/Documents/Codex/2026-08-22/files-mentioned-by-the-user-handoff/work/FEMU/build-femu/pyvenv/bin/python3 -B scripts/mtest2make.py > Makefile.mtest
[1/2927] Compiling C object subprojects/libvhost-user/link-test.p/link-test.c.o
[2/2927] Generating config-poison.h with a custom command (wrapped by meson to capture output)
[3/2927] Generating qemu-version.h with a custom command (wrapped by meson to capture output)
[4/2927] Generating qemu-img-cmds.h with a custom command (wrapped by meson to capture output)
[5/2927] Generating trace/trace-root.h with a custom command
[6/2927] Compiling C object subprojects/libvhost-user/libvhost-user-glib.a.p/libvhost-user-glib.c.o
[7/2927] Linking static target subprojects/libvhost-user/libvhost-user-glib.a
[8/2927] Generating hmp-commands-info.h with a custom command (wrapped by meson to capture output)
[9/2927] Generating hmp-commands.h with a custom command (wrapped by meson to capture output)
[10/2927] Generating trace/trace-root.c with a custom command
[11/2927] Generating trace/trace-crypto.h with a custom command
[12/2927] Generating trace/trace-crypto.c with a custom command
[13/2927] Generating trace/trace-qapi.h with a custom command
[14/2927] Generating trace/trace-qom.h with a custom command
[15/2927] Generating trace/trace-qapi.c with a custom command
[16/2927] Generating qemu-options.def with a custom command (wrapped by meson to capture output)
[17/2927] Generating trace/trace-qom.c with a custom command
[18/2927] Generating trace/trace-monitor.h with a custom command
[19/2927] Generating trace/trace-monitor.c with a custom command
[20/2927] Generating trace/trace-util.h with a custom command
[21/2927] Generating trace/trace-gdbstub.h with a custom command
[22/2927] Generating trace/trace-util.c with a custom command
[23/2927] Generating trace/trace-gdbstub.c with a custom command
[24/2927] Generating trace/trace-authz.h with a custom command
[25/2927] Generating trace/trace-authz.c with a custom command
[26/2927] Generating trace/trace-chardev.h with a custom command
[27/2927] Generating trace/trace-chardev.c with a custom command
[28/2927] Generating trace/trace-block.h with a custom command
[29/2927] Generating trace/trace-block.c with a custom command
[30/2927] Generating trace/trace-io.h with a custom command
[31/2927] Generating trace/trace-io.c with a custom command
[32/2927] Generating trace/trace-nbd.h with a custom command
[33/2927] Generating trace/trace-scsi.h with a custom command
[34/2927] Generating trace/trace-nbd.c with a custom command
[35/2927] Generating trace/trace-scsi.c with a custom command
[36/2927] Generating trace/trace-accel_hvf.c with a custom command
[37/2927] Generating trace/trace-accel_kvm.h with a custom command
[38/2927] Generating trace/trace-audio.h with a custom command
[39/2927] Generating trace/trace-accel_hvf.h with a custom command
[40/2927] Generating trace/trace-accel_kvm.c with a custom command
[41/2927] Generating trace/trace-audio.c with a custom command
[42/2927] Generating trace/trace-backends.h with a custom command
[43/2927] Generating trace/trace-backends.c with a custom command
[44/2927] Generating trace/trace-backends_tpm.h with a custom command
[45/2927] Generating trace/trace-backends_tpm.c with a custom command
[46/2927] Generating trace/trace-ebpf.h with a custom command
[47/2927] Generating trace/trace-ebpf.c with a custom command
[48/2927] Generating trace/trace-hw_9pfs.h with a custom command
[49/2927] Generating trace/trace-hw_9pfs.c with a custom command
[50/2927] Generating trace/trace-hw_acpi.h with a custom command
[51/2927] Generating trace/trace-hw_acpi.c with a custom command
[52/2927] Compiling C object subprojects/libvduse/libvduse.a.p/libvduse.c.o
[53/2927] Generating trace/trace-hw_adc.h with a custom command
[54/2927] Generating trace/trace-hw_alpha.h with a custom command
[55/2927] Linking static target subprojects/libvduse/libvduse.a
[56/2927] Generating trace/trace-hw_adc.c with a custom command
[57/2927] Generating trace/trace-hw_alpha.c with a custom command
[58/2927] Generating trace/trace-hw_audio.c with a custom command
[59/2927] Generating trace/trace-hw_arm.c with a custom command
[60/2927] Generating trace/trace-hw_audio.h with a custom command
[61/2927] Generating trace/trace-hw_block.c with a custom command
[62/2927] Generating trace/trace-hw_arm.h with a custom command
[63/2927] Generating trace/trace-hw_char.c with a custom command
[64/2927] Generating trace/trace-hw_block.h with a custom command
[65/2927] Generating trace/trace-hw_char.h with a custom command
[66/2927] Generating trace/trace-hw_display.h with a custom command
[67/2927] Generating trace/trace-hw_dma.c with a custom command
[68/2927] Generating trace/trace-hw_display.c with a custom command
[69/2927] Generating trace/trace-hw_fsi.h with a custom command
[70/2927] Generating trace/trace-hw_fsi.c with a custom command
[71/2927] Generating trace/trace-hw_dma.h with a custom command
[72/2927] Generating trace/trace-hw_hyperv.h with a custom command
[73/2927] Generating trace/trace-hw_hyperv.c with a custom command
[74/2927] Generating trace/trace-hw_i2c.c with a custom command
[75/2927] Generating trace/trace-hw_i2c.h with a custom command
[76/2927] Generating trace/trace-hw_i386.c with a custom command
[77/2927] Generating trace/trace-hw_i386_xen.h with a custom command
[78/2927] Generating trace/trace-hw_i386_xen.c with a custom command
[79/2927] Generating trace/trace-hw_i386.h with a custom command
[80/2927] Generating trace/trace-hw_i386_kvm.c with a custom command
[81/2927] Generating trace/trace-hw_i386_kvm.h with a custom command
[82/2927] Generating trace/trace-hw_ide.h with a custom command
[83/2927] Generating trace/trace-hw_ide.c with a custom command
[84/2927] Generating trace/trace-hw_input.h with a custom command
[85/2927] Generating trace/trace-hw_input.c with a custom command
[86/2927] Generating trace/trace-hw_mem.h with a custom command
[87/2927] Generating trace/trace-hw_isa.c with a custom command
[88/2927] Generating trace/trace-hw_isa.h with a custom command
[89/2927] Compiling C object subprojects/libvhost-user/libvhost-user.a.p/libvhost-user.c.o
[90/2927] Linking static target subprojects/libvhost-user/libvhost-user.a
[91/2927] Generating trace/trace-hw_mem.c with a custom command
[92/2927] Generating trace/trace-hw_mips.h with a custom command
[93/2927] Generating trace/trace-hw_mips.c with a custom command
[94/2927] Linking target subprojects/libvhost-user/link-test
[95/2927] Generating trace/trace-hw_intc.h with a custom command
[96/2927] Generating trace/trace-hw_intc.c with a custom command
[97/2927] Generating trace/trace-hw_misc_macio.c with a custom command
[98/2927] Generating trace/trace-hw_misc_macio.h with a custom command
[99/2927] Generating trace/trace-hw_misc.c with a custom command
[100/2927] Generating trace/trace-hw_net_can.h with a custom command
[101/2927] Generating trace/trace-hw_net_can.c with a custom command
[102/2927] Generating trace/trace-hw_nubus.c with a custom command
[103/2927] Generating trace/trace-hw_misc.h with a custom command
[104/2927] Generating trace/trace-hw_net.c with a custom command
[105/2927] Generating trace/trace-hw_nubus.h with a custom command
[106/2927] Generating trace/trace-hw_nvram.h with a custom command
[107/2927] Generating trace/trace-hw_nvram.c with a custom command
[108/2927] Generating trace/trace-hw_net.h with a custom command
[109/2927] Generating trace/trace-hw_nvme.c with a custom command
[110/2927] Generating trace/trace-hw_pci.c with a custom command
[111/2927] Generating trace/trace-hw_nvme.h with a custom command
[112/2927] Generating trace/trace-hw_pci.h with a custom command
[113/2927] Generating trace/trace-hw_pci_host.c with a custom command
[114/2927] Generating trace/trace-hw_pci_host.h with a custom command
[115/2927] Generating trace/trace-hw_ppc.c with a custom command
[116/2927] Generating trace/trace-hw_rtc.h with a custom command
[117/2927] Generating trace/trace-hw_ppc.h with a custom command
[118/2927] Generating trace/trace-hw_riscv.h with a custom command
[119/2927] Generating trace/trace-hw_rtc.c with a custom command
[120/2927] Generating trace/trace-hw_riscv.c with a custom command
[121/2927] Generating trace/trace-hw_s390x.c with a custom command
[122/2927] Generating trace/trace-hw_s390x.h with a custom command
[123/2927] Generating trace/trace-hw_sd.c with a custom command
[124/2927] Generating trace/trace-hw_sensor.h with a custom command
[125/2927] Generating trace/trace-hw_sd.h with a custom command
[126/2927] Generating trace/trace-hw_sensor.c with a custom command
[127/2927] Generating trace/trace-hw_scsi.c with a custom command
[128/2927] Generating trace/trace-hw_sh4.h with a custom command
[129/2927] Generating trace/trace-hw_scsi.h with a custom command
[130/2927] Generating trace/trace-hw_sh4.c with a custom command
[131/2927] Generating trace/trace-hw_sparc.h with a custom command
[132/2927] Generating trace/trace-hw_sparc.c with a custom command
[133/2927] Generating trace/trace-hw_sparc64.h with a custom command
[134/2927] Generating trace/trace-hw_sparc64.c with a custom command
[135/2927] Generating trace/trace-hw_ssi.c with a custom command
[136/2927] Generating trace/trace-hw_ssi.h with a custom command
[137/2927] Generating trace/trace-hw_tpm.c with a custom command
[138/2927] Generating trace/trace-hw_uefi.h with a custom command
[139/2927] Generating trace/trace-hw_timer.h with a custom command
[140/2927] Generating trace/trace-hw_timer.c with a custom command
[141/2927] Generating trace/trace-hw_tpm.h with a custom command
[142/2927] Generating trace/trace-hw_uefi.c with a custom command
[143/2927] Generating trace/trace-hw_ufs.h with a custom command
[144/2927] Generating trace/trace-hw_ufs.c with a custom command
[145/2927] Generating trace/trace-hw_vfio_user.c with a custom command
[146/2927] Generating trace/trace-hw_vfio_user.h with a custom command
[147/2927] Generating trace/trace-hw_vfio.c with a custom command
[148/2927] Generating trace/trace-hw_vfio.h with a custom command
[149/2927] Generating trace/trace-hw_usb.c with a custom command
[150/2927] Generating trace/trace-hw_usb.h with a custom command
[151/2927] Generating trace/trace-hw_vmapple.h with a custom command
[152/2927] Generating trace/trace-hw_virtio.c with a custom command
[153/2927] Generating trace/trace-hw_virtio.h with a custom command
[154/2927] Generating trace/trace-hw_vmapple.c with a custom command
[155/2927] Generating trace/trace-hw_watchdog.c with a custom command
[156/2927] Generating trace/trace-hw_watchdog.h with a custom command
[157/2927] Generating trace/trace-hw_xen.h with a custom command
[158/2927] Generating trace/trace-hw_xen.c with a custom command
[159/2927] Generating trace/trace-hw_gpio.c with a custom command
[160/2927] Generating trace/trace-hw_gpio.h with a custom command
[161/2927] Generating trace/trace-net.h with a custom command
[162/2927] Generating trace/trace-migration.c with a custom command
[163/2927] Generating trace/trace-net.c with a custom command
[164/2927] Generating trace/trace-ui.h with a custom command
[165/2927] Generating trace/trace-ui.c with a custom command
[166/2927] Generating trace/trace-hw_remote.h with a custom command
[167/2927] Generating trace/trace-migration.h with a custom command
[168/2927] Generating trace/trace-system.c with a custom command
[169/2927] Generating trace/trace-system.h with a custom command
[170/2927] Generating trace/trace-hw_remote.c with a custom command
[171/2927] Generating trace/trace-accel_tcg.h with a custom command
[172/2927] Generating trace/trace-hw_core.c with a custom command
[173/2927] Generating trace/trace-hw_core.h with a custom command
[174/2927] Generating trace/trace-accel_tcg.c with a custom command
[175/2927] Generating trace/trace-target_arm.h with a custom command
[176/2927] Generating trace/trace-target_arm.c with a custom command
[177/2927] Generating trace/trace-target_arm_hvf.h with a custom command
[178/2927] Generating trace/trace-target_arm_hvf.c with a custom command
[179/2927] Generating trace/trace-target_hppa.h with a custom command
[180/2927] Generating trace/trace-target_hppa.c with a custom command
[181/2927] Generating trace/trace-target_i386_kvm.h with a custom command
[182/2927] Generating qapi/shared QAPI source files with a custom command
[183/2927] Generating trace/trace-target_i386.h with a custom command
[184/2927] Generating trace/trace-target_i386.c with a custom command
[185/2927] Generating trace/trace-target_i386_kvm.c with a custom command
[186/2927] Generating trace/trace-target_loongarch.h with a custom command
[187/2927] Generating trace/trace-target_loongarch.c with a custom command
[188/2927] Generating trace/trace-target_mips_tcg.h with a custom command
[189/2927] Generating trace/trace-target_mips_tcg.c with a custom command
[190/2927] Generating trace/trace-target_riscv.c with a custom command
[191/2927] Generating trace/trace-target_ppc.c with a custom command
[192/2927] Generating trace/trace-target_riscv.h with a custom command
[193/2927] Generating trace/trace-target_ppc.h with a custom command
[194/2927] Generating trace/trace-target_s390x.c with a custom command
[195/2927] Generating trace/trace-target_s390x_kvm.c with a custom command
[196/2927] Generating trace/trace-target_s390x_kvm.h with a custom command
[197/2927] Generating trace/trace-target_s390x.h with a custom command
[198/2927] Generating trace/trace-target_sparc.c with a custom command
[199/2927] Generating trace/trace-target_sparc.h with a custom command
[200/2927] Generating trace/trace-qapi_commands_authz_trace_events.h with a custom command
[201/2927] Generating trace/trace-qapi_commands_authz_trace_events.c with a custom command
[202/2927] Generating trace/trace-qapi_commands_block_trace_events.h with a custom command
[203/2927] Generating trace/trace-qapi_commands_block_trace_events.c with a custom command
[204/2927] Generating trace/trace-qapi_commands_block_core_trace_events.c with a custom command
[205/2927] Generating trace/trace-qapi_commands_block_core_trace_events.h with a custom command
[206/2927] Generating trace/trace-qapi_commands_char_trace_events.h with a custom command
[207/2927] Generating trace/trace-qapi_commands_char_trace_events.c with a custom command
[208/2927] Generating trace/trace-qapi_commands_block_export_trace_events.h with a custom command
[209/2927] Generating trace/trace-qapi_commands_common_trace_events.c with a custom command
[210/2927] Generating trace/trace-qapi_commands_block_export_trace_events.c with a custom command
[211/2927] Generating trace/trace-qapi_commands_common_trace_events.h with a custom command
[212/2927] Generating trace/trace-qapi_commands_compat_trace_events.h with a custom command
[213/2927] Generating trace/trace-qapi_commands_compat_trace_events.c with a custom command
[214/2927] Generating trace/trace-qapi_commands_control_trace_events.h with a custom command
[215/2927] Generating trace/trace-qapi_commands_crypto_trace_events.h with a custom command
[216/2927] Generating trace/trace-qapi_commands_control_trace_events.c with a custom command
[217/2927] Generating trace/trace-qapi_commands_crypto_trace_events.c with a custom command
[218/2927] Generating trace/trace-qapi_commands_cxl_trace_events.c with a custom command
[219/2927] Generating trace/trace-qapi_commands_dump_trace_events.h with a custom command
[220/2927] Generating trace/trace-qapi_commands_cxl_trace_events.h with a custom command
[221/2927] Generating trace/trace-qapi_commands_dump_trace_events.c with a custom command
[222/2927] Generating trace/trace-qapi_commands_ebpf_trace_events.c with a custom command
[223/2927] Generating trace/trace-qapi_commands_error_trace_events.h with a custom command
[224/2927] Generating trace/trace-qapi_commands_ebpf_trace_events.h with a custom command
[225/2927] Generating trace/trace-qapi_commands_introspect_trace_events.h with a custom command
[226/2927] Generating trace/trace-qapi_commands_error_trace_events.c with a custom command
[227/2927] Generating trace/trace-qapi_commands_introspect_trace_events.c with a custom command
[228/2927] Generating trace/trace-qapi_commands_job_trace_events.c with a custom command
[229/2927] Generating trace/trace-qapi_commands_job_trace_events.h with a custom command
[230/2927] Generating trace/trace-qapi_commands_machine_common_trace_events.h with a custom command
[231/2927] Generating trace/trace-qapi_commands_machine_common_trace_events.c with a custom command
[232/2927] Generating trace/trace-qapi_commands_machine_trace_events.c with a custom command
[233/2927] Generating trace/trace-qapi_commands_machine_trace_events.h with a custom command
[234/2927] Generating trace/trace-qapi_commands_machine_s390x_trace_events.c with a custom command
[235/2927] Generating trace/trace-qapi_commands_machine_s390x_trace_events.h with a custom command
[236/2927] Generating trace/trace-qapi_commands_migration_trace_events.h with a custom command
[237/2927] Generating trace/trace-qapi_commands_misc_trace_events.h with a custom command
[238/2927] Generating trace/trace-qapi_commands_net_trace_events.h with a custom command
[239/2927] Generating trace/trace-qapi_commands_net_trace_events.c with a custom command
[240/2927] Generating trace/trace-qapi_commands_pragma_trace_events.h with a custom command
[241/2927] Generating trace/trace-qapi_commands_migration_trace_events.c with a custom command
[242/2927] Generating trace/trace-qapi_commands_pragma_trace_events.c with a custom command
[243/2927] Generating trace/trace-qapi_commands_misc_trace_events.c with a custom command
[244/2927] Generating trace/trace-qapi_commands_qom_trace_events.h with a custom command
[245/2927] Generating trace/trace-qapi_commands_qom_trace_events.c with a custom command
[246/2927] Generating trace/trace-qapi_commands_replay_trace_events.c with a custom command
[247/2927] Generating trace/trace-qapi_commands_replay_trace_events.h with a custom command
[248/2927] Generating trace/trace-qapi_commands_run_state_trace_events.h with a custom command
[249/2927] Generating trace/trace-qapi_commands_sockets_trace_events.h with a custom command
[250/2927] Generating trace/trace-qapi_commands_sockets_trace_events.c with a custom command
[251/2927] Generating trace/trace-qapi_commands_run_state_trace_events.c with a custom command
[252/2927] Generating trace/trace-qapi_commands_stats_trace_events.h with a custom command
[253/2927] Generating trace/trace-qapi_commands_stats_trace_events.c with a custom command
[254/2927] Generating trace/trace-qapi_commands_trace_trace_events.h with a custom command
[255/2927] Generating trace/trace-qapi_commands_trace_trace_events.c with a custom command
[256/2927] Generating trace/trace-qapi_commands_transaction_trace_events.c with a custom command
[257/2927] Generating trace/trace-qapi_commands_vfio_trace_events.h with a custom command
[258/2927] Generating trace/trace-qapi_commands_transaction_trace_events.h with a custom command
[259/2927] Generating trace/trace-qapi_commands_vfio_trace_events.c with a custom command
[260/2927] Generating trace/trace-qapi_commands_virtio_trace_events.c with a custom command
[261/2927] Generating trace/trace-qapi_commands_virtio_trace_events.h with a custom command
[262/2927] Generating trace/trace-qapi_commands_yank_trace_events.h with a custom command
[263/2927] Generating trace/trace-qapi_commands_yank_trace_events.c with a custom command
[264/2927] Generating trace/trace-qapi_commands_accelerator_trace_events.h with a custom command
[265/2927] Generating trace/trace-qapi_commands_accelerator_trace_events.c with a custom command
[266/2927] Generating trace/trace-qapi_commands_acpi_trace_events.c with a custom command
[267/2927] Generating trace/trace-qapi_commands_acpi_trace_events.h with a custom command
[268/2927] Generating trace/trace-qapi_commands_audio_trace_events.h with a custom command
[269/2927] Generating trace/trace-qapi_commands_audio_trace_events.c with a custom command
[270/2927] Generating trace/trace-qapi_commands_cryptodev_trace_events.h with a custom command
[271/2927] Generating trace/trace-qapi_commands_cryptodev_trace_events.c with a custom command
[272/2927] Generating trace/trace-qapi_commands_qdev_trace_events.h with a custom command
[273/2927] Generating trace/trace-qapi_commands_qdev_trace_events.c with a custom command
[274/2927] Generating trace/trace-qapi_commands_pci_trace_events.h with a custom command
[275/2927] Generating trace/trace-qapi_commands_pci_trace_events.c with a custom command
[276/2927] Generating trace/trace-qapi_commands_rocker_trace_events.c with a custom command
[277/2927] Generating trace/trace-qapi_commands_rocker_trace_events.h with a custom command
[278/2927] Generating trace/trace-qapi_commands_misc_arm_trace_events.h with a custom command
[279/2927] Generating trace/trace-qapi_commands_misc_arm_trace_events.c with a custom command
[280/2927] Generating trace/trace-qapi_commands_misc_i386_trace_events.h with a custom command
[281/2927] Generating trace/trace-qapi_commands_tpm_trace_events.h with a custom command
[282/2927] Generating trace/trace-qapi_commands_tpm_trace_events.c with a custom command
[283/2927] Generating trace/trace-qapi_commands_uefi_trace_events.h with a custom command
[284/2927] Generating trace/trace-qapi_commands_misc_i386_trace_events.c with a custom command
[285/2927] Generating trace/trace-qapi_commands_uefi_trace_events.c with a custom command
[286/2927] Generating trace/trace-qapi_commands_ui_trace_events.h with a custom command
[287/2927] Generating trace/trace-qapi_commands_ui_trace_events.c with a custom command
[288/2927] Generating ui/dbus-display preprocess with a custom command (wrapped by meson to set env)
[289/2927] Generating trace/trace-events-all with a custom command (wrapped by meson to capture output)
[290/2927] Generating ui/input-keymap-qcode-to-atset1.c.inc with a custom command (wrapped by meson to capture output)
[291/2927] Generating ui/input-keymap-linux-to-qcode.c.inc with a custom command (wrapped by meson to capture output)
[292/2927] Generating ui/input-keymap-qcode-to-atset3.c.inc with a custom command (wrapped by meson to capture output)
[293/2927] Generating ui/dbus-display gdbus-codegen with a custom command
[294/2927] Generating ui/input-keymap-qcode-to-atset2.c.inc with a custom command (wrapped by meson to capture output)
[295/2927] Generating ui/input-keymap-qcode-to-linux.c.inc with a custom command (wrapped by meson to capture output)
[296/2927] Generating ui/input-keymap-qcode-to-qnum.c.inc with a custom command (wrapped by meson to capture output)
[297/2927] Generating ui/input-keymap-atset1-to-qcode.c.inc with a custom command (wrapped by meson to capture output)
[298/2927] Generating ui/input-keymap-qcode-to-sun.c.inc with a custom command (wrapped by meson to capture output)
[299/2927] Generating ui/input-keymap-win32-to-qcode.c.inc with a custom command (wrapped by meson to capture output)
[300/2927] Generating ui/input-keymap-usb-to-qcode.c.inc with a custom command (wrapped by meson to capture output)
[301/2927] Generating ui/input-keymap-xorgevdev-to-qcode.c.inc with a custom command (wrapped by meson to capture output)
[302/2927] Generating ui/input-keymap-qnum-to-qcode.c.inc with a custom command (wrapped by meson to capture output)
[303/2927] Generating ui/input-keymap-xorgkbd-to-qcode.c.inc with a custom command (wrapped by meson to capture output)
[304/2927] Generating block/module_block.h with a custom command
[305/2927] Generating ui/input-keymap-xorgxquartz-to-qcode.c.inc with a custom command (wrapped by meson to capture output)
[306/2927] Generating ui/shader/texture-blit-frag.h with a custom command (wrapped by meson to capture output)
[307/2927] Generating ui/shader/texture-blit-flip-vert.h with a custom command (wrapped by meson to capture output)
[308/2927] Generating ui/shader/texture-blit-vert.h with a custom command (wrapped by meson to capture output)
[309/2927] Generating block/block-gen.c with a custom command
[310/2927] Generating ui/input-keymap-x11-to-qcode.c.inc with a custom command (wrapped by meson to capture output)
[311/2927] Generating ui/input-keymap-xorgxwin-to-qcode.c.inc with a custom command (wrapped by meson to capture output)
[312/2927] Generating ui/input-keymap-osx-to-qcode.c.inc with a custom command (wrapped by meson to capture output)
[313/2927] Compiling C object contrib/plugins/libbbv.so.p/bbv.c.o
[314/2927] Compiling C object contrib/plugins/libdrcov.so.p/drcov.c.o
[315/2927] Compiling C object contrib/plugins/libhotpages.so.p/hotpages.c.o
[316/2927] Compiling C object contrib/plugins/libcflow.so.p/cflow.c.o
[317/2927] Compiling C object contrib/plugins/libhotblocks.so.p/hotblocks.c.o
[318/2927] Compiling C object libqom.a.p/qom_container.c.o
[319/2927] Compiling C object contrib/plugins/libexeclog.so.p/execlog.c.o
[320/2927] Compiling C object libqom.a.p/qom_qom-qobject.c.o
[321/2927] Compiling C object libevent-loop-base.a.p/event-loop-base.c.o
[322/2927] Compiling C object contrib/plugins/libcache.so.p/cache.c.o
[323/2927] Compiling C object libqemuutil.a.p/meson-generated_.._qapi_qapi-types.c.o
[324/2927] Compiling C object libqom.a.p/qom_object_interfaces.c.o
[325/2927] Compiling C object libqemuutil.a.p/meson-generated_.._qapi_qapi-emit-events.c.o
[326/2927] Compiling C object libqemuutil.a.p/meson-generated_.._qapi_qapi-commands.c.o
[327/2927] Compiling C object libqemuutil.a.p/meson-generated_.._qapi_qapi-visit.c.o
[328/2927] Compiling C object libqemuutil.a.p/meson-generated_.._qapi_qapi-builtin-types.c.o
[329/2927] Compiling C object libqemuutil.a.p/meson-generated_.._qapi_qapi-events.c.o
[330/2927] Compiling C object libqemuutil.a.p/meson-generated_.._qapi_qapi-events-authz.c.o
[331/2927] Compiling C object libqemuutil.a.p/meson-generated_.._qapi_qapi-introspect.c.o
[332/2927] Compiling C object libqemuutil.a.p/meson-generated_.._qapi_qapi-types-authz.c.o
[333/2927] Compiling C object libqemuutil.a.p/meson-generated_.._qapi_qapi-init-commands.c.o
[334/2927] Compiling C object libqemuutil.a.p/meson-generated_.._qapi_qapi-builtin-visit.c.o
[335/2927] Compiling C object libqemuutil.a.p/meson-generated_.._qapi_qapi-visit-authz.c.o
[336/2927] Compiling C object libqemuutil.a.p/meson-generated_.._qapi_qapi-commands-authz.c.o
[337/2927] Compiling C object libqemuutil.a.p/meson-generated_.._qapi_qapi-types-block.c.o
[338/2927] Compiling C object libqemuutil.a.p/meson-generated_.._qapi_qapi-events-block.c.o
[339/2927] Compiling C object libqemuutil.a.p/meson-generated_.._qapi_qapi-visit-block.c.o
[340/2927] Compiling C object libqemuutil.a.p/meson-generated_.._qapi_qapi-commands-block.c.o
[341/2927] Compiling C object libqemuutil.a.p/meson-generated_.._qapi_qapi-types-block-export.c.o
[342/2927] Compiling C object libqemuutil.a.p/meson-generated_.._qapi_qapi-events-block-core.c.o
[343/2927] Compiling C object libqemuutil.a.p/meson-generated_.._qapi_qapi-events-block-export.c.o
[344/2927] Compiling C object libqom.a.p/qom_object.c.o
[345/2927] Compiling C object libqemuutil.a.p/meson-generated_.._qapi_qapi-types-block-core.c.o
[346/2927] Compiling C object libqemuutil.a.p/meson-generated_.._qapi_qapi-commands-block-export.c.o
[347/2927] Compiling C object libqemuutil.a.p/meson-generated_.._qapi_qapi-types-char.c.o
[348/2927] Compiling C object libqemuutil.a.p/meson-generated_.._qapi_qapi-visit-block-export.c.o
[349/2927] Compiling C object libqemuutil.a.p/meson-generated_.._qapi_qapi-events-char.c.o
[350/2927] Compiling C object libqemuutil.a.p/meson-generated_.._qapi_qapi-types-common.c.o
[351/2927] Compiling C object libqemuutil.a.p/meson-generated_.._qapi_qapi-visit-common.c.o
[352/2927] Compiling C object libqemuutil.a.p/meson-generated_.._qapi_qapi-commands-common.c.o
[353/2927] Compiling C object libqemuutil.a.p/meson-generated_.._qapi_qapi-events-common.c.o
[354/2927] Compiling C object libqemuutil.a.p/meson-generated_.._qapi_qapi-types-compat.c.o
[355/2927] Compiling C object libqemuutil.a.p/meson-generated_.._qapi_qapi-commands-char.c.o
[356/2927] Compiling C object libqemuutil.a.p/meson-generated_.._qapi_qapi-events-compat.c.o
[357/2927] Compiling C object libqemuutil.a.p/meson-generated_.._qapi_qapi-commands-compat.c.o
[358/2927] Compiling C object libqemuutil.a.p/meson-generated_.._qapi_qapi-visit-compat.c.o
[359/2927] Compiling C object libqemuutil.a.p/meson-generated_.._qapi_qapi-visit-char.c.o
[360/2927] Compiling C object libqemuutil.a.p/meson-generated_.._qapi_qapi-types-control.c.o
[361/2927] Compiling C object libqemuutil.a.p/meson-generated_.._qapi_qapi-commands-block-core.c.o
[362/2927] Compiling C object libqemuutil.a.p/meson-generated_.._qapi_qapi-events-control.c.o
[363/2927] Compiling C object libqemuutil.a.p/meson-generated_.._qapi_qapi-visit-control.c.o
[364/2927] Compiling C object libqemuutil.a.p/meson-generated_.._qapi_qapi-events-crypto.c.o
[365/2927] Compiling C object libqemuutil.a.p/meson-generated_.._qapi_qapi-commands-control.c.o
[366/2927] Compiling C object libqemuutil.a.p/meson-generated_.._qapi_qapi-types-crypto.c.o
[367/2927] Compiling C object libqemuutil.a.p/meson-generated_.._qapi_qapi-types-cxl.c.o
[368/2927] Compiling C object libqemuutil.a.p/meson-generated_.._qapi_qapi-commands-crypto.c.o
[369/2927] Compiling C object libqemuutil.a.p/meson-generated_.._qapi_qapi-events-cxl.c.o
[370/2927] Compiling C object libqemuutil.a.p/meson-generated_.._qapi_qapi-types-dump.c.o
[371/2927] Compiling C object libqemuutil.a.p/meson-generated_.._qapi_qapi-visit-cxl.c.o
[372/2927] Compiling C object libqemuutil.a.p/meson-generated_.._qapi_qapi-visit-dump.c.o
[373/2927] Compiling C object libqemuutil.a.p/meson-generated_.._qapi_qapi-events-dump.c.o
[374/2927] Compiling C object libqemuutil.a.p/meson-generated_.._qapi_qapi-types-ebpf.c.o
[375/2927] Compiling C object libqemuutil.a.p/meson-generated_.._qapi_qapi-commands-cxl.c.o
[376/2927] Compiling C object libqemuutil.a.p/meson-generated_.._qapi_qapi-visit-crypto.c.o
[377/2927] Compiling C object libqemuutil.a.p/meson-generated_.._qapi_qapi-events-ebpf.c.o
[378/2927] Compiling C object libqemuutil.a.p/meson-generated_.._qapi_qapi-visit-ebpf.c.o
[379/2927] Compiling C object libqemuutil.a.p/meson-generated_.._qapi_qapi-commands-ebpf.c.o
[380/2927] Compiling C object libqemuutil.a.p/meson-generated_.._qapi_qapi-commands-dump.c.o
[381/2927] Compiling C object libqemuutil.a.p/meson-generated_.._qapi_qapi-types-error.c.o
[382/2927] Compiling C object libqemuutil.a.p/meson-generated_.._qapi_qapi-events-error.c.o
[383/2927] Compiling C object libqemuutil.a.p/meson-generated_.._qapi_qapi-commands-error.c.o
[384/2927] Compiling C object libqemuutil.a.p/meson-generated_.._qapi_qapi-visit-error.c.o
[385/2927] Compiling C object libqemuutil.a.p/meson-generated_.._qapi_qapi-events-introspect.c.o
[386/2927] Compiling C object libqemuutil.a.p/meson-generated_.._qapi_qapi-types-introspect.c.o
[387/2927] Compiling C object libqemuutil.a.p/meson-generated_.._qapi_qapi-types-job.c.o
[388/2927] Compiling C object libqemuutil.a.p/meson-generated_.._qapi_qapi-commands-introspect.c.o
[389/2927] Compiling C object libqemuutil.a.p/meson-generated_.._qapi_qapi-visit-job.c.o
[390/2927] Compiling C object libqemuutil.a.p/meson-generated_.._qapi_qapi-events-job.c.o
[391/2927] Compiling C object libqemuutil.a.p/meson-generated_.._qapi_qapi-types-machine-common.c.o
[392/2927] Compiling C object libqemuutil.a.p/meson-generated_.._qapi_qapi-visit-introspect.c.o
[393/2927] Compiling C object libqemuutil.a.p/meson-generated_.._qapi_qapi-visit-machine-common.c.o
[394/2927] Compiling C object libqemuutil.a.p/meson-generated_.._qapi_qapi-events-machine-common.c.o
[395/2927] Compiling C object libqemuutil.a.p/meson-generated_.._qapi_qapi-commands-machine-common.c.o
[396/2927] Compiling C object libqemuutil.a.p/meson-generated_.._qapi_qapi-commands-job.c.o
[397/2927] Compiling C object libqemuutil.a.p/meson-generated_.._qapi_qapi-types-machine-s390x.c.o
[398/2927] Compiling C object libqemuutil.a.p/meson-generated_.._qapi_qapi-events-machine.c.o
[399/2927] Compiling C object libqemuutil.a.p/meson-generated_.._qapi_qapi-visit-machine-s390x.c.o
[400/2927] Compiling C object libqemuutil.a.p/meson-generated_.._qapi_qapi-types-machine.c.o
[401/2927] Compiling C object libqemuutil.a.p/meson-generated_.._qapi_qapi-events-machine-s390x.c.o
[402/2927] Compiling C object libqemuutil.a.p/meson-generated_.._qapi_qapi-commands-machine-s390x.c.o
[403/2927] Compiling C object libqemuutil.a.p/meson-generated_.._qapi_qapi-types-migration.c.o
[404/2927] Compiling C object libqemuutil.a.p/meson-generated_.._qapi_qapi-events-migration.c.o
[405/2927] Compiling C object libqemuutil.a.p/meson-generated_.._qapi_qapi-types-misc.c.o
[406/2927] Compiling C object libqemuutil.a.p/meson-generated_.._qapi_qapi-events-misc.c.o
[407/2927] Compiling C object libqemuutil.a.p/meson-generated_.._qapi_qapi-visit-misc.c.o
[408/2927] Compiling C object libqemuutil.a.p/meson-generated_.._qapi_qapi-commands-machine.c.o
[409/2927] Compiling C object libqemuutil.a.p/meson-generated_.._qapi_qapi-commands-misc.c.o
[410/2927] Compiling C object libqemuutil.a.p/meson-generated_.._qapi_qapi-types-net.c.o
[411/2927] Compiling C object libqemuutil.a.p/meson-generated_.._qapi_qapi-visit-machine.c.o
[412/2927] Compiling C object libqemuutil.a.p/meson-generated_.._qapi_qapi-commands-migration.c.o
[413/2927] Compiling C object libqemuutil.a.p/meson-generated_.._qapi_qapi-visit-migration.c.o
[414/2927] Compiling C object libqemuutil.a.p/meson-generated_.._qapi_qapi-types-pragma.c.o
[415/2927] Compiling C object libqemuutil.a.p/meson-generated_.._qapi_qapi-events-net.c.o
[416/2927] Compiling C object libqemuutil.a.p/meson-generated_.._qapi_qapi-visit-pragma.c.o
[417/2927] Compiling C object libqemuutil.a.p/meson-generated_.._qapi_qapi-events-pragma.c.o
[418/2927] Compiling C object libqemuutil.a.p/meson-generated_.._qapi_qapi-commands-net.c.o
[419/2927] Compiling C object libqemuutil.a.p/meson-generated_.._qapi_qapi-commands-pragma.c.o
[420/2927] Compiling C object libqemuutil.a.p/meson-generated_.._qapi_qapi-visit-block-core.c.o
[421/2927] Compiling C object libqemuutil.a.p/meson-generated_.._qapi_qapi-events-qom.c.o
[422/2927] Compiling C object libqemuutil.a.p/meson-generated_.._qapi_qapi-types-replay.c.o
[423/2927] Compiling C object libqemuutil.a.p/meson-generated_.._qapi_qapi-visit-replay.c.o
[424/2927] Compiling C object libqemuutil.a.p/meson-generated_.._qapi_qapi-visit-net.c.o
[425/2927] Compiling C object libqemuutil.a.p/meson-generated_.._qapi_qapi-events-replay.c.o
[426/2927] Compiling C object libqemuutil.a.p/meson-generated_.._qapi_qapi-types-qom.c.o
[427/2927] Compiling C object libqemuutil.a.p/meson-generated_.._qapi_qapi-types-run-state.c.o
[428/2927] Compiling C object libqemuutil.a.p/meson-generated_.._qapi_qapi-commands-replay.c.o
[429/2927] Compiling C object libqemuutil.a.p/meson-generated_.._qapi_qapi-commands-qom.c.o
[430/2927] Compiling C object libqemuutil.a.p/meson-generated_.._qapi_qapi-commands-run-state.c.o
[431/2927] Compiling C object libqemuutil.a.p/meson-generated_.._qapi_qapi-types-sockets.c.o
[432/2927] Compiling C object libqemuutil.a.p/meson-generated_.._qapi_qapi-events-sockets.c.o
[433/2927] Compiling C object libqemuutil.a.p/meson-generated_.._qapi_qapi-visit-run-state.c.o
[434/2927] Compiling C object libqemuutil.a.p/meson-generated_.._qapi_qapi-commands-sockets.c.o
[435/2927] Compiling C object libqemuutil.a.p/meson-generated_.._qapi_qapi-events-run-state.c.o
[436/2927] Compiling C object libqemuutil.a.p/meson-generated_.._qapi_qapi-events-stats.c.o
[437/2927] Compiling C object libqemuutil.a.p/meson-generated_.._qapi_qapi-types-stats.c.o
[438/2927] Compiling C object libqemuutil.a.p/meson-generated_.._qapi_qapi-visit-sockets.c.o
[439/2927] Compiling C object libqemuutil.a.p/meson-generated_.._qapi_qapi-commands-stats.c.o
[440/2927] Compiling C object libqemuutil.a.p/meson-generated_.._qapi_qapi-types-trace.c.o
[441/2927] Compiling C object libqemuutil.a.p/meson-generated_.._qapi_qapi-visit-trace.c.o
[442/2927] Compiling C object libqemuutil.a.p/meson-generated_.._qapi_qapi-events-trace.c.o
[443/2927] Compiling C object libqemuutil.a.p/meson-generated_.._qapi_qapi-visit-stats.c.o
[444/2927] Compiling C object libqemuutil.a.p/meson-generated_.._qapi_qapi-commands-trace.c.o
[445/2927] Compiling C object libqemuutil.a.p/meson-generated_.._qapi_qapi-visit-qom.c.o
[446/2927] Compiling C object libqemuutil.a.p/meson-generated_.._qapi_qapi-types-transaction.c.o
[447/2927] Compiling C object libqemuutil.a.p/meson-generated_.._qapi_qapi-events-transaction.c.o
[448/2927] Compiling C object libqemuutil.a.p/meson-generated_.._qapi_qapi-types-vfio.c.o
[449/2927] Compiling C object libqemuutil.a.p/meson-generated_.._qapi_qapi-commands-transaction.c.o
[450/2927] Compiling C object libqemuutil.a.p/meson-generated_.._qapi_qapi-visit-vfio.c.o
[451/2927] Compiling C object libqemuutil.a.p/meson-generated_.._qapi_qapi-commands-vfio.c.o
[452/2927] Compiling C object libqemuutil.a.p/meson-generated_.._qapi_qapi-events-vfio.c.o
[453/2927] Compiling C object libqemuutil.a.p/meson-generated_.._qapi_qapi-visit-transaction.c.o
[454/2927] Compiling C object libqemuutil.a.p/meson-generated_.._qapi_qapi-events-virtio.c.o
[455/2927] Compiling C object libqemuutil.a.p/meson-generated_.._qapi_qapi-types-virtio.c.o
[456/2927] Compiling C object libqemuutil.a.p/meson-generated_.._qapi_qapi-types-yank.c.o
[457/2927] Compiling C object libqemuutil.a.p/meson-generated_.._qapi_qapi-events-yank.c.o
[458/2927] Compiling C object libqemuutil.a.p/meson-generated_.._qapi_qapi-types-accelerator.c.o
[459/2927] Compiling C object libqemuutil.a.p/meson-generated_.._qapi_qapi-commands-virtio.c.o
[460/2927] Compiling C object libqemuutil.a.p/meson-generated_.._qapi_qapi-visit-accelerator.c.o
[461/2927] Compiling C object libqemuutil.a.p/meson-generated_.._qapi_qapi-events-accelerator.c.o
[462/2927] Compiling C object libqemuutil.a.p/meson-generated_.._qapi_qapi-commands-yank.c.o
[463/2927] Compiling C object libqemuutil.a.p/meson-generated_.._qapi_qapi-visit-yank.c.o
[464/2927] Compiling C object libqemuutil.a.p/meson-generated_.._qapi_qapi-commands-accelerator.c.o
[465/2927] Compiling C object libqemuutil.a.p/meson-generated_.._qapi_qapi-types-acpi.c.o
[466/2927] Compiling C object libqemuutil.a.p/meson-generated_.._qapi_qapi-events-acpi.c.o
[467/2927] Compiling C object libqemuutil.a.p/meson-generated_.._qapi_qapi-commands-acpi.c.o
[468/2927] Compiling C object libqemuutil.a.p/meson-generated_.._qapi_qapi-visit-acpi.c.o
[469/2927] Compiling C object libqemuutil.a.p/meson-generated_.._qapi_qapi-visit-virtio.c.o
[470/2927] Compiling C object libqemuutil.a.p/meson-generated_.._qapi_qapi-events-audio.c.o
[471/2927] Compiling C object libqemuutil.a.p/meson-generated_.._qapi_qapi-types-audio.c.o
[472/2927] Compiling C object libqemuutil.a.p/meson-generated_.._qapi_qapi-commands-audio.c.o
[473/2927] Compiling C object libqemuutil.a.p/meson-generated_.._qapi_qapi-types-cryptodev.c.o
[474/2927] Compiling C object libqemuutil.a.p/meson-generated_.._qapi_qapi-events-cryptodev.c.o
[475/2927] Compiling C object libqemuutil.a.p/meson-generated_.._qapi_qapi-visit-cryptodev.c.o
[476/2927] Compiling C object libqemuutil.a.p/meson-generated_.._qapi_qapi-commands-cryptodev.c.o
[477/2927] Compiling C object libqemuutil.a.p/meson-generated_.._qapi_qapi-types-qdev.c.o
[478/2927] Compiling C object libqemuutil.a.p/meson-generated_.._qapi_qapi-types-pci.c.o
[479/2927] Compiling C object libqemuutil.a.p/meson-generated_.._qapi_qapi-events-qdev.c.o
[480/2927] Compiling C object libqemuutil.a.p/meson-generated_.._qapi_qapi-events-pci.c.o
[481/2927] Compiling C object libqemuutil.a.p/meson-generated_.._qapi_qapi-visit-qdev.c.o
[482/2927] Compiling C object libqemuutil.a.p/meson-generated_.._qapi_qapi-commands-qdev.c.o
[483/2927] Compiling C object libqemuutil.a.p/meson-generated_.._qapi_qapi-visit-audio.c.o
[484/2927] Compiling C object libqemuutil.a.p/meson-generated_.._qapi_qapi-commands-pci.c.o
[485/2927] Compiling C object libqemuutil.a.p/meson-generated_.._qapi_qapi-events-rocker.c.o
[486/2927] Compiling C object libqemuutil.a.p/meson-generated_.._qapi_qapi-visit-pci.c.o
[487/2927] Compiling C object libqemuutil.a.p/meson-generated_.._qapi_qapi-types-rocker.c.o
[488/2927] Compiling C object libqemuutil.a.p/meson-generated_.._qapi_qapi-events-misc-arm.c.o
[489/2927] Compiling C object libqemuutil.a.p/meson-generated_.._qapi_qapi-types-misc-arm.c.o
[490/2927] Compiling C object libqemuutil.a.p/meson-generated_.._qapi_qapi-visit-misc-arm.c.o
[491/2927] Compiling C object libqemuutil.a.p/meson-generated_.._qapi_qapi-commands-rocker.c.o
[492/2927] Compiling C object libqemuutil.a.p/meson-generated_.._qapi_qapi-types-misc-i386.c.o
[493/2927] Compiling C object libqemuutil.a.p/meson-generated_.._qapi_qapi-commands-misc-arm.c.o
[494/2927] Compiling C object libqemuutil.a.p/meson-generated_.._qapi_qapi-visit-rocker.c.o
[495/2927] Compiling C object libqemuutil.a.p/meson-generated_.._qapi_qapi-events-misc-i386.c.o
[496/2927] Compiling C object libqemuutil.a.p/meson-generated_.._qapi_qapi-types-tpm.c.o
[497/2927] Compiling C object libqemuutil.a.p/meson-generated_.._qapi_qapi-events-tpm.c.o
[498/2927] Compiling C object libqemuutil.a.p/meson-generated_.._qapi_qapi-types-uefi.c.o
[499/2927] Compiling C object libqemuutil.a.p/meson-generated_.._qapi_qapi-visit-misc-i386.c.o
[500/2927] Compiling C object libqemuutil.a.p/meson-generated_.._qapi_qapi-commands-tpm.c.o
[501/2927] Compiling C object libqemuutil.a.p/meson-generated_.._qapi_qapi-visit-tpm.c.o
[502/2927] Compiling C object libqemuutil.a.p/meson-generated_.._qapi_qapi-events-uefi.c.o
[503/2927] Compiling C object libqemuutil.a.p/meson-generated_.._qapi_qapi-commands-uefi.c.o
[504/2927] Compiling C object libqemuutil.a.p/meson-generated_.._qapi_qapi-visit-uefi.c.o
[505/2927] Compiling C object libqemuutil.a.p/meson-generated_.._qapi_qapi-commands-misc-i386.c.o
[506/2927] Compiling C object libqemuutil.a.p/meson-generated_.._qapi_qapi-events-ui.c.o
[507/2927] Compiling C object libqemuutil.a.p/meson-generated_.._trace_trace-crypto.c.o
[508/2927] Compiling C object libqemuutil.a.p/meson-generated_.._qapi_qapi-types-ui.c.o
[509/2927] Compiling C object libqemuutil.a.p/meson-generated_.._trace_trace-root.c.o
[510/2927] Compiling C object libqemuutil.a.p/meson-generated_.._trace_trace-qapi.c.o
[511/2927] Compiling C object libqemuutil.a.p/meson-generated_.._trace_trace-qom.c.o
[512/2927] Compiling C object libqemuutil.a.p/meson-generated_.._trace_trace-monitor.c.o
[513/2927] Compiling C object libqemuutil.a.p/meson-generated_.._trace_trace-authz.c.o
[514/2927] Compiling C object libqemuutil.a.p/meson-generated_.._trace_trace-util.c.o
[515/2927] Compiling C object libqemuutil.a.p/meson-generated_.._trace_trace-gdbstub.c.o
[516/2927] Compiling C object libqemuutil.a.p/meson-generated_.._trace_trace-chardev.c.o
[517/2927] Compiling C object libqemuutil.a.p/meson-generated_.._trace_trace-block.c.o
[518/2927] Compiling C object libqemuutil.a.p/meson-generated_.._trace_trace-io.c.o
[519/2927] Compiling C object libqemuutil.a.p/meson-generated_.._qapi_qapi-commands-ui.c.o
[520/2927] Compiling C object libqemuutil.a.p/meson-generated_.._trace_trace-accel_hvf.c.o
[521/2927] Compiling C object libqemuutil.a.p/meson-generated_.._trace_trace-scsi.c.o
[522/2927] Compiling C object libqemuutil.a.p/meson-generated_.._trace_trace-accel_kvm.c.o
[523/2927] Compiling C object libqemuutil.a.p/meson-generated_.._trace_trace-nbd.c.o
[524/2927] Compiling C object libqemuutil.a.p/meson-generated_.._trace_trace-audio.c.o
[525/2927] Compiling C object libqemuutil.a.p/meson-generated_.._trace_trace-backends_tpm.c.o
[526/2927] Compiling C object libqemuutil.a.p/meson-generated_.._trace_trace-backends.c.o
[527/2927] Compiling C object libqemuutil.a.p/meson-generated_.._trace_trace-ebpf.c.o
[528/2927] Compiling C object libqemuutil.a.p/meson-generated_.._trace_trace-hw_9pfs.c.o
[529/2927] Compiling C object libqemuutil.a.p/meson-generated_.._trace_trace-hw_adc.c.o
[530/2927] Compiling C object libqemuutil.a.p/meson-generated_.._trace_trace-hw_acpi.c.o
[531/2927] Compiling C object libqemuutil.a.p/meson-generated_.._trace_trace-hw_alpha.c.o
[532/2927] Compiling C object libqemuutil.a.p/meson-generated_.._trace_trace-hw_arm.c.o
[533/2927] Compiling C object libqemuutil.a.p/meson-generated_.._trace_trace-hw_block.c.o
[534/2927] Compiling C object libqemuutil.a.p/meson-generated_.._trace_trace-hw_audio.c.o
[535/2927] Compiling C object libqemuutil.a.p/meson-generated_.._trace_trace-hw_char.c.o
[536/2927] Compiling C object libqemuutil.a.p/meson-generated_.._trace_trace-hw_display.c.o
[537/2927] Compiling C object libqemuutil.a.p/meson-generated_.._trace_trace-hw_dma.c.o
[538/2927] Compiling C object libqemuutil.a.p/meson-generated_.._qapi_qapi-visit-ui.c.o
[539/2927] Compiling C object libqemuutil.a.p/meson-generated_.._trace_trace-hw_fsi.c.o
[540/2927] Compiling C object libqemuutil.a.p/meson-generated_.._trace_trace-hw_hyperv.c.o
[541/2927] Compiling C object libqemuutil.a.p/meson-generated_.._trace_trace-hw_i386_xen.c.o
[542/2927] Compiling C object libqemuutil.a.p/meson-generated_.._trace_trace-hw_i386.c.o
[543/2927] Compiling C object libqemuutil.a.p/meson-generated_.._trace_trace-hw_i386_kvm.c.o
[544/2927] Compiling C object libqemuutil.a.p/meson-generated_.._trace_trace-hw_input.c.o
[545/2927] Compiling C object libqemuutil.a.p/meson-generated_.._trace_trace-hw_i2c.c.o
[546/2927] Compiling C object libqemuutil.a.p/meson-generated_.._trace_trace-hw_ide.c.o
[547/2927] Compiling C object libqemuutil.a.p/meson-generated_.._trace_trace-hw_isa.c.o
[548/2927] Compiling C object libqemuutil.a.p/meson-generated_.._trace_trace-hw_intc.c.o
[549/2927] Compiling C object libqemuutil.a.p/meson-generated_.._trace_trace-hw_mem.c.o
[550/2927] Compiling C object libqemuutil.a.p/meson-generated_.._trace_trace-hw_mips.c.o
[551/2927] Compiling C object libqemuutil.a.p/meson-generated_.._trace_trace-hw_net_can.c.o
[552/2927] Compiling C object libqemuutil.a.p/meson-generated_.._trace_trace-hw_misc_macio.c.o
[553/2927] Compiling C object libqemuutil.a.p/meson-generated_.._trace_trace-hw_net.c.o
[554/2927] Compiling C object libqemuutil.a.p/meson-generated_.._trace_trace-hw_nubus.c.o
[555/2927] Compiling C object libqemuutil.a.p/meson-generated_.._trace_trace-hw_nvram.c.o
[556/2927] Compiling C object libqemuutil.a.p/meson-generated_.._trace_trace-hw_misc.c.o
[557/2927] Compiling C object libqemuutil.a.p/meson-generated_.._trace_trace-hw_pci.c.o
[558/2927] Compiling C object libqemuutil.a.p/meson-generated_.._trace_trace-hw_nvme.c.o
[559/2927] Compiling C object libqemuutil.a.p/meson-generated_.._trace_trace-hw_pci_host.c.o
[560/2927] Compiling C object libqemuutil.a.p/meson-generated_.._trace_trace-hw_ppc.c.o
[561/2927] Compiling C object libqemuutil.a.p/meson-generated_.._trace_trace-hw_rtc.c.o
[562/2927] Compiling C object libqemuutil.a.p/meson-generated_.._trace_trace-hw_riscv.c.o
[563/2927] Compiling C object libqemuutil.a.p/meson-generated_.._trace_trace-hw_s390x.c.o
[564/2927] Compiling C object libqemuutil.a.p/meson-generated_.._trace_trace-hw_scsi.c.o
[565/2927] Compiling C object libqemuutil.a.p/meson-generated_.._trace_trace-hw_sh4.c.o
[566/2927] Compiling C object libqemuutil.a.p/meson-generated_.._trace_trace-hw_sensor.c.o
[567/2927] Compiling C object libqemuutil.a.p/meson-generated_.._trace_trace-hw_sd.c.o
[568/2927] Compiling C object libqemuutil.a.p/meson-generated_.._trace_trace-hw_sparc.c.o
[569/2927] Compiling C object libqemuutil.a.p/meson-generated_.._trace_trace-hw_sparc64.c.o
[570/2927] Compiling C object libqemuutil.a.p/meson-generated_.._trace_trace-hw_timer.c.o
[571/2927] Compiling C object libqemuutil.a.p/meson-generated_.._trace_trace-hw_ssi.c.o
[572/2927] Compiling C object libqemuutil.a.p/meson-generated_.._trace_trace-hw_tpm.c.o
[573/2927] Compiling C object libqemuutil.a.p/meson-generated_.._trace_trace-hw_ufs.c.o
[574/2927] Compiling C object libqemuutil.a.p/meson-generated_.._trace_trace-hw_uefi.c.o
[575/2927] Compiling C object libqemuutil.a.p/meson-generated_.._trace_trace-hw_usb.c.o
[576/2927] Compiling C object libqemuutil.a.p/meson-generated_.._trace_trace-hw_vfio.c.o
[577/2927] Compiling C object libqemuutil.a.p/meson-generated_.._trace_trace-hw_vfio_user.c.o
[578/2927] Compiling C object libqemuutil.a.p/meson-generated_.._trace_trace-hw_virtio.c.o
[579/2927] Compiling C object libqemuutil.a.p/meson-generated_.._trace_trace-hw_vmapple.c.o
[580/2927] Compiling C object libqemuutil.a.p/meson-generated_.._trace_trace-hw_watchdog.c.o
[581/2927] Compiling C object libqemuutil.a.p/meson-generated_.._trace_trace-hw_gpio.c.o
[582/2927] Compiling C object libqemuutil.a.p/meson-generated_.._trace_trace-hw_xen.c.o
[583/2927] Compiling C object libqemuutil.a.p/meson-generated_.._trace_trace-net.c.o
[584/2927] Compiling C object libqemuutil.a.p/meson-generated_.._trace_trace-system.c.o
[585/2927] Compiling C object libqemuutil.a.p/meson-generated_.._trace_trace-hw_remote.c.o
[586/2927] Compiling C object libqemuutil.a.p/meson-generated_.._trace_trace-migration.c.o
[587/2927] Compiling C object libqemuutil.a.p/meson-generated_.._trace_trace-ui.c.o
[588/2927] Compiling C object libqemuutil.a.p/meson-generated_.._trace_trace-hw_core.c.o
[589/2927] Compiling C object libqemuutil.a.p/meson-generated_.._trace_trace-accel_tcg.c.o
[590/2927] Compiling C object libqemuutil.a.p/meson-generated_.._trace_trace-target_arm.c.o
[591/2927] Compiling C object libqemuutil.a.p/meson-generated_.._trace_trace-target_hppa.c.o
[592/2927] Compiling C object libqemuutil.a.p/meson-generated_.._trace_trace-target_arm_hvf.c.o
[593/2927] Compiling C object libqemuutil.a.p/meson-generated_.._trace_trace-target_i386.c.o
[594/2927] Compiling C object libqemuutil.a.p/meson-generated_.._trace_trace-target_mips_tcg.c.o
[595/2927] Compiling C object libqemuutil.a.p/meson-generated_.._trace_trace-target_i386_kvm.c.o
[596/2927] Compiling C object libqemuutil.a.p/meson-generated_.._trace_trace-target_loongarch.c.o
[597/2927] Compiling C object libqemuutil.a.p/meson-generated_.._trace_trace-target_riscv.c.o
[598/2927] Compiling C object libqemuutil.a.p/meson-generated_.._trace_trace-target_s390x_kvm.c.o
[599/2927] Compiling C object libqemuutil.a.p/meson-generated_.._trace_trace-target_ppc.c.o
[600/2927] Compiling C object libqemuutil.a.p/meson-generated_.._trace_trace-target_sparc.c.o
[601/2927] Compiling C object libqemuutil.a.p/meson-generated_.._trace_trace-target_s390x.c.o
[602/2927] Compiling C object libqemuutil.a.p/meson-generated_.._trace_trace-qapi_commands_authz_trace_events.c.o
[603/2927] Compiling C object libqemuutil.a.p/meson-generated_.._trace_trace-qapi_commands_block_trace_events.c.o
[604/2927] Compiling C object libqemuutil.a.p/meson-generated_.._trace_trace-qapi_commands_block_export_trace_events.c.o
[605/2927] Compiling C object libqemuutil.a.p/meson-generated_.._trace_trace-qapi_commands_block_core_trace_events.c.o
[606/2927] Compiling C object libqemuutil.a.p/meson-generated_.._trace_trace-qapi_commands_char_trace_events.c.o
[607/2927] Compiling C object libqemuutil.a.p/meson-generated_.._trace_trace-qapi_commands_control_trace_events.c.o
[608/2927] Compiling C object libqemuutil.a.p/meson-generated_.._trace_trace-qapi_commands_common_trace_events.c.o
[609/2927] Compiling C object libqemuutil.a.p/meson-generated_.._trace_trace-qapi_commands_compat_trace_events.c.o
[610/2927] Compiling C object libqemuutil.a.p/meson-generated_.._trace_trace-qapi_commands_crypto_trace_events.c.o
[611/2927] Compiling C object libqemuutil.a.p/meson-generated_.._trace_trace-qapi_commands_ebpf_trace_events.c.o
[612/2927] Compiling C object libqemuutil.a.p/meson-generated_.._trace_trace-qapi_commands_dump_trace_events.c.o
[613/2927] Compiling C object libqemuutil.a.p/meson-generated_.._trace_trace-qapi_commands_cxl_trace_events.c.o
[614/2927] Compiling C object libqemuutil.a.p/meson-generated_.._trace_trace-qapi_commands_error_trace_events.c.o
[615/2927] Compiling C object libqemuutil.a.p/meson-generated_.._trace_trace-qapi_commands_introspect_trace_events.c.o
[616/2927] Compiling C object libqemuutil.a.p/meson-generated_.._trace_trace-qapi_commands_machine_common_trace_events.c.o
[617/2927] Compiling C object libqemuutil.a.p/meson-generated_.._trace_trace-qapi_commands_job_trace_events.c.o
[618/2927] Compiling C object libqemuutil.a.p/meson-generated_.._trace_trace-qapi_commands_machine_trace_events.c.o
[619/2927] Compiling C object libqemuutil.a.p/meson-generated_.._trace_trace-qapi_commands_machine_s390x_trace_events.c.o
[620/2927] Compiling C object libqemuutil.a.p/meson-generated_.._trace_trace-qapi_commands_migration_trace_events.c.o
[621/2927] Compiling C object libqemuutil.a.p/meson-generated_.._trace_trace-qapi_commands_misc_trace_events.c.o
[622/2927] Compiling C object libqemuutil.a.p/meson-generated_.._trace_trace-qapi_commands_pragma_trace_events.c.o
[623/2927] Compiling C object libqemuutil.a.p/meson-generated_.._trace_trace-qapi_commands_net_trace_events.c.o
[624/2927] Compiling C object libqemuutil.a.p/meson-generated_.._trace_trace-qapi_commands_qom_trace_events.c.o
[625/2927] Compiling C object libqemuutil.a.p/meson-generated_.._trace_trace-qapi_commands_replay_trace_events.c.o
[626/2927] Compiling C object libqemuutil.a.p/meson-generated_.._trace_trace-qapi_commands_run_state_trace_events.c.o
[627/2927] Compiling C object libqemuutil.a.p/meson-generated_.._trace_trace-qapi_commands_trace_trace_events.c.o
[628/2927] Compiling C object libqemuutil.a.p/meson-generated_.._trace_trace-qapi_commands_stats_trace_events.c.o
[629/2927] Compiling C object libqemuutil.a.p/meson-generated_.._trace_trace-qapi_commands_sockets_trace_events.c.o
[630/2927] Compiling C object libqemuutil.a.p/meson-generated_.._trace_trace-qapi_commands_transaction_trace_events.c.o
[631/2927] Compiling C object libqemuutil.a.p/meson-generated_.._trace_trace-qapi_commands_vfio_trace_events.c.o
[632/2927] Compiling C object libqemuutil.a.p/meson-generated_.._trace_trace-qapi_commands_virtio_trace_events.c.o
[633/2927] Compiling C object libqemuutil.a.p/meson-generated_.._trace_trace-qapi_commands_accelerator_trace_events.c.o
[634/2927] Compiling C object libqemuutil.a.p/meson-generated_.._trace_trace-qapi_commands_yank_trace_events.c.o
[635/2927] Compiling C object libqemuutil.a.p/meson-generated_.._trace_trace-qapi_commands_acpi_trace_events.c.o
[636/2927] Compiling C object libqemuutil.a.p/meson-generated_.._trace_trace-qapi_commands_cryptodev_trace_events.c.o
[637/2927] Compiling C object libqemuutil.a.p/meson-generated_.._trace_trace-qapi_commands_audio_trace_events.c.o
[638/2927] Compiling C object libqemuutil.a.p/meson-generated_.._trace_trace-qapi_commands_rocker_trace_events.c.o
[639/2927] Compiling C object libqemuutil.a.p/meson-generated_.._trace_trace-qapi_commands_pci_trace_events.c.o
[640/2927] Compiling C object libqemuutil.a.p/meson-generated_.._trace_trace-qapi_commands_misc_arm_trace_events.c.o
[641/2927] Compiling C object libqemuutil.a.p/meson-generated_.._trace_trace-qapi_commands_qdev_trace_events.c.o
[642/2927] Compiling C object libqemuutil.a.p/meson-generated_.._trace_trace-qapi_commands_tpm_trace_events.c.o
[643/2927] Compiling C object libqemuutil.a.p/meson-generated_.._trace_trace-qapi_commands_ui_trace_events.c.o
[644/2927] Compiling C object libqemuutil.a.p/meson-generated_.._trace_trace-qapi_commands_uefi_trace_events.c.o
[645/2927] Compiling C object libqemuutil.a.p/meson-generated_.._trace_trace-qapi_commands_misc_i386_trace_events.c.o
[646/2927] Compiling C object libqemuutil.a.p/qapi_qapi-dealloc-visitor.c.o
[647/2927] Compiling C object libqemuutil.a.p/qapi_qapi-clone-visitor.c.o
[648/2927] Compiling C object libqemuutil.a.p/qapi_qapi-util.c.o
[649/2927] Compiling C object libqemuutil.a.p/qapi_qapi-forward-visitor.c.o
[650/2927] Compiling C object libqemuutil.a.p/qapi_opts-visitor.c.o
[651/2927] Compiling C object libqemuutil.a.p/qapi_qobject-output-visitor.c.o
[652/2927] Compiling C object libqemuutil.a.p/qapi_string-input-visitor.c.o
[653/2927] Compiling C object libqemuutil.a.p/qapi_qapi-type-helpers.c.o
[654/2927] Compiling C object libqemuutil.a.p/qapi_qmp-event.c.o
[655/2927] Compiling C object libqemuutil.a.p/qapi_qapi-visit-core.c.o
[656/2927] Compiling C object libqemuutil.a.p/qobject_qnull.c.o
[657/2927] Compiling C object libqemuutil.a.p/qapi_qmp-registry.c.o
[658/2927] Compiling C object libqemuutil.a.p/qapi_string-output-visitor.c.o
[659/2927] Compiling C object libqemuutil.a.p/qapi_qmp-dispatch.c.o
[660/2927] Compiling C object libqemuutil.a.p/qapi_qobject-input-visitor.c.o
[661/2927] Compiling C object libqemuutil.a.p/qobject_qstring.c.o
[662/2927] Compiling C object libqemuutil.a.p/qobject_qnum.c.o
[663/2927] Compiling C object libqemuutil.a.p/qobject_qbool.c.o
[664/2927] Compiling C object libqemuutil.a.p/qobject_qobject.c.o
[665/2927] Compiling C object libqemuutil.a.p/qobject_qlist.c.o
[666/2927] Compiling C object libqemuutil.a.p/qobject_qlit.c.o
[667/2927] Compiling C object libqemuutil.a.p/qobject_qjson.c.o
[668/2927] Compiling C object libqemuutil.a.p/qobject_qdict.c.o
[669/2927] Compiling C object libqemuutil.a.p/qobject_json-lexer.c.o
[670/2927] Compiling C object libqemuutil.a.p/qobject_json-streamer.c.o
[671/2927] Compiling C object libqemuutil.a.p/qobject_json-writer.c.o
[672/2927] Compiling C object libqemuutil.a.p/util_unicode.c.o
[673/2927] Compiling C object libqemuutil.a.p/util_qemu-timer-common.c.o
[674/2927] Compiling C object libqemuutil.a.p/util_osdep.c.o
[675/2927] Compiling C object libqemuutil.a.p/qobject_block-qdict.c.o
[676/2927] Compiling C object libqemuutil.a.p/qobject_json-parser.c.o
[677/2927] Compiling C object libqemuutil.a.p/util_thread-context.c.o
[678/2927] Compiling C object libqemuutil.a.p/util_fdmon-epoll.c.o
[679/2927] Compiling C object libqemuutil.a.p/util_fdmon-poll.c.o
[680/2927] Compiling C object libqemuutil.a.p/util_compatfd.c.o
[681/2927] Compiling C object libqemuutil.a.p/util_event_notifier-posix.c.o
[682/2927] Compiling C object libqemuutil.a.p/util_cutils.c.o
[683/2927] Compiling C object libqemuutil.a.p/util_mmap-alloc.c.o
[684/2927] Compiling C object libqemuutil.a.p/util_drm.c.o
[685/2927] Compiling C object libqemuutil.a.p/util_aio-posix.c.o
[686/2927] Compiling C object libqemuutil.a.p/util_memfd.c.o
[687/2927] Compiling C object libqemuutil.a.p/util_defer-call.c.o
[688/2927] Compiling C object libqemuutil.a.p/util_envlist.c.o
[689/2927] Compiling C object libqemuutil.a.p/util_path.c.o
[690/2927] Compiling C object libqemuutil.a.p/util_event.c.o
[691/2927] Compiling C object libqemuutil.a.p/util_module.c.o
[692/2927] Compiling C object libqemuutil.a.p/util_qemu-thread-posix.c.o
[693/2927] Compiling C object libqemuutil.a.p/util_oslib-posix.c.o
[694/2927] Compiling C object libqemuutil.a.p/util_cacheflush.c.o
[695/2927] Compiling C object libqemuutil.a.p/util_host-utils.c.o
[696/2927] Compiling C object libqemuutil.a.p/util_bitops.c.o
[697/2927] Compiling C object libqemuutil.a.p/util_fifo8.c.o
[698/2927] Compiling C object libqemuutil.a.p/util_id.c.o
[699/2927] Compiling C object libqemuutil.a.p/util_error.c.o
[700/2927] Compiling C object libqemuutil.a.p/util_qemu-print.c.o
[701/2927] Compiling C object libqemuutil.a.p/util_error-report.c.o
[702/2927] Compiling C object libqemuutil.a.p/util_bitmap.c.o
[703/2927] Compiling C object libqemuutil.a.p/util_notify.c.o
[704/2927] Compiling C object libqemuutil.a.p/util_qemu-progress.c.o
[705/2927] Compiling C object libqemuutil.a.p/util_crc32c.c.o
[706/2927] Compiling C object libqemuutil.a.p/util_getauxval.c.o
[707/2927] Compiling C object libqemuutil.a.p/util_qemu-config.c.o
[708/2927] Compiling C object libqemuutil.a.p/util_uuid.c.o
[709/2927] Compiling C object libqemuutil.a.p/util_keyval.c.o
[710/2927] Compiling C object libqemuutil.a.p/util_range.c.o
[711/2927] Compiling C object libqemuutil.a.p/util_rcu.c.o
[712/2927] Compiling C object libqemuutil.a.p/util_log.c.o
[713/2927] Compiling C object libqemuutil.a.p/util_qdist.c.o
[714/2927] Compiling C object libqemuutil.a.p/util_stats64.c.o
[715/2927] Compiling C object libqemuutil.a.p/util_qemu-option.c.o
[716/2927] Compiling C object libqemuutil.a.p/util_systemd.c.o
[717/2927] Compiling C object libqemuutil.a.p/util_reserved-region.c.o
[718/2927] Compiling C object libqemuutil.a.p/util_qsp.c.o
[719/2927] Compiling C object libqemuutil.a.p/util_transactions.c.o
[720/2927] Compiling C object libqemuutil.a.p/util_qht.c.o
[721/2927] Compiling C object libqemuutil.a.p/util_guest-random.c.o
[722/2927] Compiling C object libqemuutil.a.p/util_int128.c.o
[723/2927] Compiling C object libqemuutil.a.p/util_memalign.c.o
[724/2927] Compiling C object libqemuutil.a.p/util_crc-ccitt.c.o
[725/2927] Compiling C object libqemuutil.a.p/util_lockcnt.c.o
[726/2927] Compiling C object libqemuutil.a.p/util_userfaultfd.c.o
[727/2927] Compiling C object libqemuutil.a.p/util_dbus.c.o
[728/2927] Compiling C object libqemuutil.a.p/util_aiocb.c.o
[729/2927] Compiling C object libqemuutil.a.p/util_base64.c.o
[730/2927] Compiling C object libqemuutil.a.p/util_interval-tree.c.o
[731/2927] Compiling C object libqemuutil.a.p/util_coroutine-ucontext.c.o
[732/2927] Compiling C object libqemuutil.a.p/util_qemu-coroutine-io.c.o
[733/2927] Compiling C object libqemuutil.a.p/util_async.c.o
[734/2927] Compiling C object libqemuutil.a.p/util_qemu-coroutine.c.o
[735/2927] Compiling C object libqemuutil.a.p/util_main-loop.c.o
[736/2927] Compiling C object libqemuutil.a.p/util_qemu-coroutine-lock.c.o
[737/2927] Compiling C object libqemuutil.a.p/util_thread-pool.c.o
[738/2927] Compiling C object libqemuutil.a.p/util_aio-wait.c.o
[739/2927] Compiling C object libqemuutil.a.p/util_buffer.c.o
[740/2927] Compiling C object libqemuutil.a.p/util_qemu-timer.c.o
[741/2927] Compiling C object libqemuutil.a.p/util_hexdump.c.o
[742/2927] Compiling C object libqemuutil.a.p/util_iova-tree.c.o
[743/2927] Compiling C object libqemuutil.a.p/util_block-helpers.c.o
[744/2927] Compiling C object libqemuutil.a.p/util_nvdimm-utils.c.o
[745/2927] Compiling C object libqemuutil.a.p/util_qemu-coroutine-sleep.c.o
[746/2927] Compiling C object libqemuutil.a.p/util_qemu-co-shared-resource.c.o
[747/2927] Compiling C object libqemuutil.a.p/util_qemu-sockets.c.o
[748/2927] Compiling C object libqemuutil.a.p/util_qemu-co-timeout.c.o
[749/2927] Compiling C object libqemuutil.a.p/util_hbitmap.c.o
[750/2927] Compiling C object libqemuutil.a.p/util_iov.c.o
[751/2927] Compiling C object libqemuutil.a.p/util_readline.c.o
[752/2927] Compiling C object libqemuutil.a.p/util_timed-average.c.o
[753/2927] Compiling C object libqemuutil.a.p/util_chardev_open.c.o
[754/2927] Compiling C object libqemuutil.a.p/util_bufferiszero.c.o
[755/2927] Compiling C object libqemuutil.a.p/util_throttle.c.o
[756/2927] Compiling C object libqemuutil.a.p/util_filemonitor-inotify.c.o
[757/2927] Compiling C object libqemuutil.a.p/util_cpuinfo-i386.c.o
[758/2927] Compiling C object libqemuutil.a.p/util_vhost-user-server.c.o
[759/2927] Compiling C object libqemuutil.a.p/util_yank.c.o
[760/2927] Compiling C object libqemuutil.a.p/crypto_sm4.c.o
[761/2927] Compiling C object libqemuutil.a.p/crypto_init.c.o
[762/2927] Compiling C object libqemuutil.a.p/crypto_random-platform.c.o
[763/2927] Compiling C object libqemuutil.a.p/util_vfio-helpers.c.o
[764/2927] Compiling C object libqemuutil.a.p/trace_qmp.c.o
[765/2927] Compiling C object libqemuutil.a.p/stubs_cpu-get-clock.c.o
[766/2927] Compiling C object libqemuutil.a.p/stubs_error-printf.c.o
[767/2927] Compiling C object libqemuutil.a.p/trace_control.c.o
[768/2927] Compiling C object libqemuutil.a.p/stubs_is-daemonized.c.o
[769/2927] Compiling C object libqemuutil.a.p/stubs_iothread-lock.c.o
[770/2927] Compiling C object libqemuutil.a.p/stubs_fdset.c.o
[771/2927] Compiling C object libqemuutil.a.p/stubs_trace-control.c.o
[772/2927] Compiling C object libqemuutil.a.p/stubs_replay-mode.c.o
[773/2927] Compiling C object libqemuutil.a.p/stubs_monitor-core.c.o
[774/2927] Compiling C object libqemuutil.a.p/stubs_blk-commit-all.c.o
[775/2927] Compiling C object libqemuutil.a.p/stubs_change-state-handler.c.o
[776/2927] Compiling C object libqemuutil.a.p/stubs_blk-exp-close-all.c.o
[777/2927] Compiling C object libqemuutil.a.p/crypto_clmul.c.o
[778/2927] Compiling C object libqemuutil.a.p/stubs_bdrv-next-monitor-owned.c.o
[779/2927] Compiling C object libqemuutil.a.p/stubs_blockdev-close-all-bdrv-states.c.o
[780/2927] Compiling C object libqemuutil.a.p/stubs_get-vm-name.c.o
[781/2927] Compiling C object libqemuutil.a.p/stubs_migr-blocker.c.o
[782/2927] Compiling C object libqemuutil.a.p/stubs_runstate-check.c.o
[783/2927] Compiling C object libqemuutil.a.p/stubs_physmem.c.o
[784/2927] Compiling C object libqemuutil.a.p/stubs_iothread-lock-block.c.o
[785/2927] Compiling C object libqemuutil.a.p/stubs_uuid.c.o
[786/2927] Compiling C object libqemuutil.a.p/stubs_ram-block.c.o
[787/2927] Compiling C object libqemuutil.a.p/stubs_replay-tools.c.o
[788/2927] Compiling C object libqemuutil.a.p/stubs_cpus-virtual-clock.c.o
[789/2927] Compiling C object libqemuutil.a.p/stubs_icount.c.o
[790/2927] Compiling C object libqemuutil.a.p/stubs_graph-lock.c.o
[791/2927] Compiling C object libqemuutil.a.p/stubs_qemu-timer-notify-cb.c.o
[792/2927] Compiling C object libqemuutil.a.p/crypto_aes.c.o
[793/2927] Compiling C object libqemuutil.a.p/stubs_linux-aio.c.o
[794/2927] Compiling C object libqemuutil.a.p/stubs_monitor-internal.c.o
[795/2927] Compiling C object libqemuutil.a.p/stubs_vm-stop.c.o
[796/2927] Compiling C object libqemuutil.a.p/stubs_qmp-command-available.c.o
[797/2927] Compiling C object libqemuutil.a.p/stubs_qtest.c.o
[798/2927] Compiling C object libqemuutil.a.p/stubs_qmp-quit.c.o
[799/2927] Compiling C object libqemuutil.a.p/stubs_vmstate.c.o
[800/2927] Compiling C object libqemuutil.a.p/stubs_dump.c.o
[801/2927] Compiling C object libqemuutil.a.p/stubs_cmos.c.o
[802/2927] Compiling C object libqemuutil.a.p/stubs_target-get-monitor-def.c.o
[803/2927] Compiling C object libqemuutil.a.p/stubs_target-monitor-defs.c.o
[804/2927] Compiling C object libqemuutil.a.p/stubs_win32-kbd-hook.c.o
[805/2927] Compiling C object libqemuutil.a.p/stubs_monitor-i386-rtc.c.o
[806/2927] Compiling C object libqemuutil.a.p/stubs_monitor-arm-gic.c.o
[807/2927] Compiling C object libqemuutil.a.p/stubs_monitor-i386-sev.c.o
[808/2927] Compiling C object libqemuutil.a.p/stubs_fw_cfg.c.o
[809/2927] Compiling C object libqemuutil.a.p/stubs_monitor-i386-sgx.c.o
[810/2927] Compiling C object libqemuutil.a.p/stubs_monitor-i386-xen.c.o
[811/2927] Compiling C object libqemuutil.a.p/stubs_monitor-cpu.c.o
[812/2927] Linking target contrib/plugins/libbbv.so
[813/2927] Compiling C object libqemuutil.a.p/stubs_xen-hw-stub.c.o
[814/2927] Linking target contrib/plugins/libcache.so
[815/2927] Compiling C object libqemuutil.a.p/stubs_monitor-cpu-s390x.c.o
[816/2927] Compiling C object libqemuutil.a.p/stubs_monitor-cpu-s390x-kvm.c.o
[817/2927] Linking target contrib/plugins/libcflow.so
[818/2927] Compiling C object libqemuutil.a.p/stubs_gdbstub.c.o
[819/2927] Compiling C object libqemuutil.a.p/stubs_replay.c.o
[820/2927] Linking target contrib/plugins/libexeclog.so
[821/2927] Linking target contrib/plugins/libhotblocks.so
[822/2927] Linking target contrib/plugins/libdrcov.so
[823/2927] Linking target contrib/plugins/libhotpages.so
[824/2927] Compiling C object libqemuutil.a.p/stubs_hotplug-stubs.c.o
[825/2927] Compiling C object libqemuutil.a.p/stubs_sysbus.c.o
[826/2927] Compiling C object contrib/plugins/libips.so.p/ips.c.o
[827/2927] Compiling C object contrib/plugins/libstoptrigger.so.p/stoptrigger.c.o
[828/2927] Linking static target libqemuutil.a
[829/2927] Compiling C object contrib/plugins/libhowvec.so.p/howvec.c.o
[830/2927] Linking target contrib/plugins/libips.so
[831/2927] Compiling C object contrib/plugins/liblockstep.so.p/lockstep.c.o
[832/2927] Compiling C object contrib/plugins/libhwprofile.so.p/hwprofile.c.o
[833/2927] Linking target contrib/plugins/libstoptrigger.so
[834/2927] Linking target contrib/plugins/libhowvec.so
[835/2927] Linking target contrib/plugins/libhwprofile.so
[836/2927] Linking target contrib/plugins/liblockstep.so
[837/2927] Compiling C object tests/qtest/libqos/libqos.a.p/.._libqmp.c.o
[838/2927] Compiling C object tests/qtest/libqos/libqos.a.p/qos_external.c.o
[839/2927] Compiling C object tests/qtest/libqos/libqos.a.p/libqos.c.o
[840/2927] Compiling C object tests/qtest/libqos/libqos.a.p/libqos-malloc.c.o
[841/2927] Compiling C object tests/qtest/libqos/libqos.a.p/sdhci-cmd.c.o
[842/2927] Compiling C object tests/qtest/libqos/libqos.a.p/qgraph.c.o
[843/2927] Compiling C object tests/qtest/libqos/libqos.a.p/fw_cfg.c.o
[844/2927] Compiling C object tests/qtest/libqos/libqos.a.p/malloc-spapr.c.o
[845/2927] Compiling C object tests/qtest/libqos/libqos.a.p/libqos-spapr.c.o
[846/2927] Compiling C object tests/qtest/libqos/libqos.a.p/rtas.c.o
[847/2927] Compiling C object tests/qtest/libqos/libqos.a.p/pci-spapr.c.o
[848/2927] Compiling C object tests/qtest/libqos/libqos.a.p/malloc-pc.c.o
[849/2927] Compiling C object tests/qtest/libqos/libqos.a.p/pci.c.o
[850/2927] Compiling C object tests/qtest/libqos/libqos.a.p/libqos-pc.c.o
[851/2927] Compiling C object tests/qtest/libqos/libqos.a.p/usb.c.o
[852/2927] Compiling C object tests/qtest/libqos/libqos.a.p/pci-pc.c.o
[853/2927] Compiling C object tests/qtest/libqos/libqos.a.p/i2c.c.o
[854/2927] Compiling C object tests/qtest/libqos/libqos.a.p/i2c-omap.c.o
[855/2927] Compiling C object tests/qtest/libqos/libqos.a.p/igb.c.o
[856/2927] Compiling C object tests/qtest/libqos/libqos.a.p/i2c-imx.c.o
[857/2927] Compiling C object tests/qtest/libqos/libqos.a.p/e1000e.c.o
[858/2927] Compiling C object tests/qtest/libqos/libqos.a.p/.._libqtest.c.o
[859/2927] Compiling C object tests/qtest/libqos/libqos.a.p/sdhci.c.o
[860/2927] Compiling C object tests/qtest/libqos/libqos.a.p/virtio-balloon.c.o
[861/2927] Compiling C object tests/qtest/libqos/libqos.a.p/vhost-user-blk.c.o
[862/2927] Compiling C object tests/qtest/libqos/libqos.a.p/virtio-blk.c.o
[863/2927] Compiling C object tests/qtest/libqos/libqos.a.p/virtio.c.o
[864/2927] Compiling C object tests/qtest/libqos/libqos.a.p/virtio-mmio.c.o
[865/2927] Compiling C object tests/qtest/libqos/libqos.a.p/virtio-rng.c.o
[866/2927] Compiling C object tests/qtest/libqos/libqos.a.p/ahci.c.o
[867/2927] Compiling C object tests/qtest/libqos/libqos.a.p/virtio-net.c.o
[868/2927] Compiling C object tests/qtest/libqos/libqos.a.p/virtio-scsi.c.o
[869/2927] Compiling C object tests/qtest/libqos/libqos.a.p/virtio-pci-modern.c.o
[870/2927] Compiling C object tests/qtest/libqos/libqos.a.p/virtio-serial.c.o
[871/2927] Compiling C object tests/qtest/libqos/libqos.a.p/virtio-pci.c.o
[872/2927] Compiling C object tests/qtest/libqos/libqos.a.p/virtio-gpio.c.o
[873/2927] Compiling C object tests/qtest/libqos/libqos.a.p/aarch64-xlnx-zcu102-machine.c.o
[874/2927] Compiling C object tests/qtest/libqos/libqos.a.p/virtio-scmi.c.o
[875/2927] Compiling C object tests/qtest/libqos/libqos.a.p/generic-pcihost.c.o
[876/2927] Compiling C object tests/qtest/libqos/libqos.a.p/arm-raspi2-machine.c.o
[877/2927] Compiling C object tests/qtest/libqos/libqos.a.p/arm-imx25-pdk-machine.c.o
[878/2927] Compiling C object tests/qtest/libqos/libqos.a.p/virtio-iommu.c.o
[879/2927] Compiling C object tests/qtest/libqos/libqos.a.p/arm-sabrelite-machine.c.o
[880/2927] Compiling C object tests/qtest/libqos/libqos.a.p/arm-xilinx-zynq-a9-machine.c.o
[881/2927] Compiling C object tests/qtest/libqos/libqos.a.p/arm-smdkc210-machine.c.o
[882/2927] Compiling C object tests/qtest/libqos/libqos.a.p/arm-virt-machine.c.o
[883/2927] Compiling C object tests/qtest/libqos/libqos.a.p/x86_64_pc-machine.c.o
[884/2927] Compiling C object tests/qtest/libqos/libqos.a.p/riscv-virt-machine.c.o
[885/2927] Compiling C object tests/qtest/libqos/libqos.a.p/ppc64_pseries-machine.c.o
[886/2927] Generating block.syms with a custom command (wrapped by meson to capture output)
[887/2927] Compiling C object tests/qtest/libqos/libqos.a.p/loongarch-virt-machine.c.o
[888/2927] Compiling C object tests/qtest/libqos/libqos.a.p/tpci200.c.o
[889/2927] Generating qemu.syms with a custom command (wrapped by meson to capture output)
[890/2927] Compiling C object tests/qtest/libqos/libqos.a.p/virtio-9p.c.o
[891/2927] Compiling C object libauthz.a.p/authz_base.c.o
[892/2927] Compiling C object libcrypto.a.p/crypto_afsplit.c.o
[893/2927] Compiling C object libauthz.a.p/authz_simple.c.o
[894/2927] Compiling C object libcrypto.a.p/crypto_akcipher.c.o
[895/2927] Compiling C object libauthz.a.p/authz_list.c.o
[896/2927] Compiling C object libauthz.a.p/authz_listfile.c.o
[897/2927] Compiling C object libcrypto.a.p/crypto_block-qcow.c.o
[898/2927] Compiling C object libcrypto.a.p/crypto_cipher.c.o
[899/2927] Compiling C object libcrypto.a.p/crypto_hmac.c.o
[900/2927] Compiling C object libcrypto.a.p/crypto_der.c.o
[901/2927] Compiling C object libcrypto.a.p/crypto_ivgen-essiv.c.o
[902/2927] Compiling C object libcrypto.a.p/crypto_block.c.o
[903/2927] Compiling C object libcrypto.a.p/crypto_hash.c.o
[904/2927] Compiling C object libcrypto.a.p/crypto_ivgen-plain.c.o
[905/2927] Compiling C object libcrypto.a.p/crypto_ivgen-plain64.c.o
[906/2927] Compiling C object libcrypto.a.p/crypto_ivgen.c.o
[907/2927] Compiling C object libcrypto.a.p/crypto_pbkdf.c.o
[908/2927] Compiling C object tests/qtest/libqos/libqos.a.p/virtio-9p-client.c.o
[909/2927] Compiling C object libcrypto.a.p/crypto_block-luks.c.o
[910/2927] Compiling C object libcrypto.a.p/crypto_secret_common.c.o
[911/2927] Compiling C object libcrypto.a.p/crypto_secret.c.o
[912/2927] Compiling C object libcrypto.a.p/crypto_tlscreds.c.o
[913/2927] Compiling C object libcrypto.a.p/crypto_tlscredspsk.c.o
[914/2927] Compiling C object libcrypto.a.p/crypto_tlscredsanon.c.o
[915/2927] Compiling C object libcrypto.a.p/crypto_tlssession.c.o
[916/2927] Compiling C object libcrypto.a.p/crypto_pbkdf-stub.c.o
[917/2927] Compiling C object libcrypto.a.p/crypto_hmac-glib.c.o
[918/2927] Compiling C object libcrypto.a.p/crypto_tlscredsx509.c.o
[919/2927] Compiling C object libcrypto.a.p/crypto_hash-glib.c.o
[920/2927] Compiling C object libcrypto.a.p/crypto_rsakey.c.o
[921/2927] Compiling C object libcrypto.a.p/crypto_secret_keyring.c.o
[922/2927] Compiling C object libio.a.p/io_channel-buffer.c.o
[923/2927] Compiling C object libio.a.p/io_channel-util.c.o
[924/2927] Compiling C object libio.a.p/io_channel-file.c.o
[925/2927] Compiling C object libio.a.p/io_channel-command.c.o
[926/2927] Compiling C object libio.a.p/io_channel-null.c.o
[927/2927] Compiling C object libio.a.p/io_channel-tls.c.o
[928/2927] Compiling C object libio.a.p/io_channel-watch.c.o
[929/2927] Compiling C object libio.a.p/io_dns-resolver.c.o
[930/2927] Compiling C object libio.a.p/io_task.c.o
[931/2927] Compiling C object libio.a.p/io_channel-socket.c.o
[932/2927] Compiling C object libio.a.p/io_net-listener.c.o
[933/2927] Compiling C object libmigration.a.p/migration_page_cache.c.o
[934/2927] Compiling C object libio.a.p/io_channel.c.o
[935/2927] Compiling C object libmigration.a.p/migration_migration-stats.c.o
[936/2927] Compiling C object libio.a.p/io_channel-websock.c.o
[937/2927] Compiling C object libmigration.a.p/migration_yank_functions.c.o
[938/2927] Compiling C object libmigration.a.p/migration_vmstate-types.c.o
[939/2927] Compiling C object libmigration.a.p/migration_vmstate.c.o
[940/2927] Compiling C object libmigration.a.p/migration_qemu-file.c.o
[941/2927] Compiling C object libmigration.a.p/migration_xbzrle.c.o
[942/2927] Compiling C object libblock.a.p/replication.c.o
[943/2927] Compiling C object libblock.a.p/blockjob.c.o
[944/2927] Compiling C object libblock.a.p/job.c.o
[945/2927] Compiling C object libblock.a.p/scsi_utils.c.o
[946/2927] Compiling C object libblock.a.p/nbd_common.c.o
[947/2927] Compiling C object libblock.a.p/nbd_client-connection.c.o
[948/2927] Compiling C object libblock.a.p/scsi_pr-manager.c.o
[949/2927] Compiling C object libblock.a.p/meson-generated_.._block_block-gen.c.o
[950/2927] Compiling C object libblock.a.p/block_aio_task.c.o
[951/2927] Compiling C object libblock.a.p/scsi_pr-manager-helper.c.o
[952/2927] Compiling C object libblock.a.p/block_accounting.c.o
[953/2927] Compiling C object libblock.a.p/nbd_client.c.o
[954/2927] Compiling C object libblock.a.p/block_amend.c.o
[955/2927] Compiling C object libblock.a.p/qemu-io-cmds.c.o
[956/2927] Compiling C object libblock.a.p/block_backup.c.o
[957/2927] Compiling C object libblock.a.p/block_blkverify.c.o
[958/2927] Compiling C object libblock.a.p/block_blklogwrites.c.o
[959/2927] Compiling C object libblock.a.p/block_blkdebug.c.o
[960/2927] Compiling C object libblock.a.p/block_copy-on-read.c.o
[961/2927] Compiling C object libblock.a.p/block_create.c.o
[962/2927] Compiling C object libblock.a.p/block_copy-before-write.c.o
[963/2927] Compiling C object libblock.a.p/block_commit.c.o
[964/2927] Compiling C object libblock.a.p/block_block-copy.c.o
[965/2927] Compiling C object libblock.a.p/block_filter-compress.c.o
[966/2927] Compiling C object libblock.a.p/block_crypto.c.o
[967/2927] Compiling C object libblock.a.p/block_graph-lock.c.o
[968/2927] Compiling C object libblock.a.p/block_dirty-bitmap.c.o
[969/2927] Compiling C object libblock.a.p/block_progress_meter.c.o
[970/2927] Compiling C object libblock.a.p/block_null.c.o
[971/2927] Compiling C object libblock.a.p/block_block-backend.c.o
[972/2927] Compiling C object libblock.a.p/block_preallocate.c.o
[973/2927] Compiling C object libblock.a.p/block.c.o
[974/2927] Compiling C object libblock.a.p/block_mirror.c.o
[975/2927] Compiling C object libblock.a.p/block_nbd.c.o
[976/2927] Compiling C object libblock.a.p/block_qcow2-cache.c.o
[977/2927] Compiling C object libblock.a.p/block_qapi.c.o
[978/2927] Compiling C object libblock.a.p/block_qcow2-bitmap.c.o
[979/2927] Compiling C object libblock.a.p/block_qcow2-threads.c.o
[980/2927] Compiling C object libblock.a.p/block_io.c.o
[981/2927] Compiling C object libblock.a.p/block_qcow2-snapshot.c.o
[982/2927] Compiling C object libblock.a.p/block_reqlist.c.o
[983/2927] Compiling C object libblock.a.p/block_raw-format.c.o
[984/2927] Compiling C object libblock.a.p/block_quorum.c.o
[985/2927] Compiling C object libblock.a.p/block_snapshot-access.c.o
[986/2927] Compiling C object libblock.a.p/block_qcow2-cluster.c.o
[987/2927] Compiling C object libblock.a.p/block_throttle.c.o
[988/2927] Compiling C object libblock.a.p/block_snapshot.c.o
[989/2927] Compiling C object libblock.a.p/block_write-threshold.c.o
[990/2927] Compiling C object libblock.a.p/block_throttle-groups.c.o
[991/2927] Compiling C object libblock.a.p/block_vhdx-endian.c.o
[992/2927] Compiling C object libblock.a.p/block_qcow2.c.o
[993/2927] Compiling C object libblock.a.p/block_vdi.c.o
[994/2927] Compiling C object libblock.a.p/block_qcow.c.o
[995/2927] Compiling C object libblock.a.p/block_vhdx-log.c.o
[996/2927] Compiling C object libblock.a.p/block_qcow2-refcount.c.o
[997/2927] Compiling C object libblock.a.p/block_cloop.c.o
[998/2927] Compiling C object libblock.a.p/block_bochs.c.o
[999/2927] Compiling C object libblock.a.p/block_vpc.c.o
[1000/2927] Compiling C object libblock.a.p/block_qed-check.c.o
[1001/2927] Compiling C object libblock.a.p/block_qed-cluster.c.o
[1002/2927] Compiling C object libblock.a.p/block_vhdx.c.o
[1003/2927] Compiling C object libblock.a.p/block_dmg.c.o
[1004/2927] Compiling C object libblock.a.p/block_qed-l2-cache.c.o
[1005/2927] Compiling C object libblock.a.p/block_qed-table.c.o
[1006/2927] Compiling C object libblock.a.p/block_parallels-ext.c.o
[1007/2927] Compiling C object libblock.a.p/block_replication.c.o
[1008/2927] Compiling C object libblock.a.p/block_linux-aio.c.o
[1009/2927] Compiling C object libblock.a.p/block_qed.c.o
[1010/2927] Compiling C object libblock.a.p/block_vmdk.c.o
[1011/2927] Compiling C object libblock.a.p/block_parallels.c.o
[1012/2927] Compiling C object libblock.a.p/block_monitor_bitmap-qmp-cmds.c.o
[1013/2927] Compiling C object libblock.a.p/block_nvme.c.o
[1014/2927] Compiling C object libblock.a.p/block_stream.c.o
[1015/2927] Compiling C object libblockdev.a.p/block_export_export.c.o
[1016/2927] Compiling C object libblockdev.a.p/block_export_vhost-user-blk-server.c.o
[1017/2927] Compiling C object libblockdev.a.p/block_export_virtio-blk-handler.c.o
[1018/2927] Compiling C object libblockdev.a.p/block_export_vduse-blk.c.o
[1019/2927] Compiling C object libblockdev.a.p/blockdev-nbd.c.o
[1020/2927] Compiling C object libblockdev.a.p/job-qmp.c.o
[1021/2927] Compiling C object libblockdev.a.p/iothread.c.o
[1022/2927] Compiling C object libblock.a.p/block_file-posix.c.o
[1023/2927] Compiling C object libblockdev.a.p/os-posix.c.o
[1024/2927] Compiling C object libblock.a.p/block_vvfat.c.o
[1025/2927] Compiling C object libqmp.a.p/qom_qom-qmp-cmds.c.o
[1026/2927] Compiling C object libqmp.a.p/monitor_qmp.c.o
[1027/2927] Compiling C object libqmp.a.p/monitor_monitor.c.o
[1028/2927] Compiling C object libchardev.a.p/chardev_char-fe.c.o
[1029/2927] Compiling C object libchardev.a.p/chardev_char-file.c.o
[1030/2927] Compiling C object libchardev.a.p/chardev_char-io.c.o
[1031/2927] Compiling C object libqmp.a.p/monitor_qmp-cmds-control.c.o
[1032/2927] Compiling C object libchardev.a.p/chardev_char-null.c.o
[1033/2927] Compiling C object libchardev.a.p/chardev_char-pipe.c.o
[1034/2927] Compiling C object libchardev.a.p/chardev_char-hub.c.o
[1035/2927] Compiling C object libblockdev.a.p/nbd_server.c.o
[1036/2927] Compiling C object libchardev.a.p/chardev_char-serial.c.o
[1037/2927] Compiling C object libchardev.a.p/chardev_char-ringbuf.c.o
[1038/2927] Compiling C object libchardev.a.p/chardev_char-mux.c.o
[1039/2927] Compiling C object libblockdev.a.p/blockdev.c.o
[1040/2927] Compiling C object libchardev.a.p/chardev_char-stdio.c.o
[1041/2927] Compiling C object libchardev.a.p/chardev_char-udp.c.o
[1042/2927] Compiling C object libchardev.a.p/chardev_char-parallel.c.o
[1043/2927] Compiling C object libchardev.a.p/chardev_char-fd.c.o
[1044/2927] Compiling C object libhwcore.a.p/hw_core_bus.c.o
[1045/2927] Compiling C object libchardev.a.p/chardev_char-pty.c.o
[1046/2927] Compiling C object libhwcore.a.p/hw_core_resetcontainer.c.o
[1047/2927] Compiling C object libhwcore.a.p/hw_core_vmstate-if.c.o
[1048/2927] Compiling C object libhwcore.a.p/hw_core_resettable.c.o
[1049/2927] Compiling C object libhwcore.a.p/hw_core_irq.c.o
[1050/2927] Compiling C object libchardev.a.p/chardev_char.c.o
[1051/2927] Compiling C object libhwcore.a.p/hw_core_qdev-properties.c.o
[1052/2927] Compiling C object libhwcore.a.p/hw_core_qdev-clock.c.o
[1053/2927] Compiling C object libchardev.a.p/chardev_char-socket.c.o
[1054/2927] Compiling C object libhwcore.a.p/hw_core_clock.c.o
[1055/2927] Compiling C object libsystem.a.p/trace_control-target.c.o
[1056/2927] Compiling C object libhwcore.a.p/hw_core_qdev.c.o
[1057/2927] Compiling C object libsystem.a.p/trace_trace-hmp-cmds.c.o
[1058/2927] Compiling C object libsystem.a.p/qom_qom-hmp-cmds.c.o
[1059/2927] Compiling C object libsystem.a.p/ui_clipboard.c.o
[1060/2927] Compiling C object libsystem.a.p/ui_cursor.c.o
[1061/2927] Compiling C object libsystem.a.p/ui_dmabuf.c.o
[1062/2927] Compiling C object libsystem.a.p/ui_input-keymap.c.o
[1063/2927] Compiling C object libsystem.a.p/ui_input-legacy.c.o
[1064/2927] Compiling C object libsystem.a.p/ui_kbd-state.c.o
[1065/2927] Compiling C object libsystem.a.p/ui_keymaps.c.o
[1066/2927] Compiling C object libsystem.a.p/ui_qemu-pixman.c.o
[1067/2927] Compiling C object libsystem.a.p/ui_input-barrier.c.o
[1068/2927] Compiling C object libsystem.a.p/ui_input.c.o
[1069/2927] Compiling C object libsystem.a.p/ui_ui-qmp-cmds.c.o
[1070/2927] Compiling C object libsystem.a.p/ui_dbus-module.c.o
[1071/2927] Compiling C object libsystem.a.p/ui_ui-hmp-cmds.c.o
[1072/2927] Compiling C object libsystem.a.p/ui_console.c.o
[1073/2927] Compiling C object libsystem.a.p/ui_spice-module.c.o
[1074/2927] Compiling C object libsystem.a.p/ui_util.c.o
[1075/2927] Compiling C object libsystem.a.p/ui_udmabuf.c.o
[1076/2927] Compiling C object libsystem.a.p/ui_vnc-enc-zlib.c.o
[1077/2927] Compiling C object libsystem.a.p/ui_input-linux.c.o
[1078/2927] Compiling C object libsystem.a.p/ui_vnc-palette.c.o
[1079/2927] Compiling C object libsystem.a.p/ui_vnc-enc-hextile.c.o
[1080/2927] Compiling C object libsystem.a.p/ui_console-vc.c.o
[1081/2927] Compiling C object libsystem.a.p/ui_vnc-auth-vencrypt.c.o
[1082/2927] Compiling C object libsystem.a.p/ui_vnc-ws.c.o
[1083/2927] Compiling C object libsystem.a.p/ui_vnc-jobs.c.o
[1084/2927] Compiling C object libsystem.a.p/gdbstub_syscalls.c.o
[1085/2927] Compiling C object libsystem.a.p/ui_vnc-clipboard.c.o
[1086/2927] Compiling C object libsystem.a.p/hw_9pfs_9p-posix-acl.c.o
[1087/2927] Compiling C object libsystem.a.p/ui_vnc-enc-tight.c.o
[1088/2927] Compiling C object libsystem.a.p/hw_9pfs_9p-util-generic.c.o
[1089/2927] Compiling C object libsystem.a.p/gdbstub_system.c.o
[1090/2927] Compiling C object libsystem.a.p/hw_9pfs_9p-synth.c.o
[1091/2927] Compiling C object libsystem.a.p/hw_9pfs_9p-xattr-user.c.o
[1092/2927] Compiling C object libsystem.a.p/gdbstub_gdbstub.c.o
[1093/2927] Compiling C object libsystem.a.p/hw_9pfs_9p-local.c.o
[1094/2927] Compiling C object libsystem.a.p/hw_9pfs_9p-xattr.c.o
[1095/2927] Compiling C object libsystem.a.p/ui_vnc.c.o
[1096/2927] Compiling C object libsystem.a.p/hw_9pfs_codir.c.o
[1097/2927] Compiling C object libsystem.a.p/hw_9pfs_cofile.c.o
[1098/2927] Compiling C object libsystem.a.p/hw_9pfs_coth.c.o
[1099/2927] Compiling C object libsystem.a.p/hw_9pfs_cofs.c.o
[1100/2927] Compiling C object libsystem.a.p/hw_9pfs_9p-util-linux.c.o
[1101/2927] Compiling C object libsystem.a.p/hw_acpi_ghes-stub.c.o
[1102/2927] Compiling C object libsystem.a.p/hw_9pfs_coxattr.c.o
[1103/2927] Compiling C object libsystem.a.p/hw_acpi_acpi_interface.c.o
[1104/2927] Compiling C object libsystem.a.p/ui_vnc-enc-zrle.c.o
[1105/2927] Compiling C object libsystem.a.p/hw_acpi_bios-linker-loader.c.o
[1106/2927] Compiling C object libsystem.a.p/hw_9pfs_xen-9p-backend.c.o
[1107/2927] Compiling C object libsystem.a.p/hw_acpi_utils.c.o
[1108/2927] Compiling C object libsystem.a.p/hw_acpi_core.c.o
[1109/2927] Compiling C object libsystem.a.p/hw_acpi_cpu_hotplug.c.o
[1110/2927] Compiling C object libsystem.a.p/hw_acpi_cpu.c.o
[1111/2927] Compiling C object libsystem.a.p/hw_acpi_memory_hotplug.c.o
[1112/2927] Compiling C object libsystem.a.p/hw_acpi_nvdimm.c.o
[1113/2927] Compiling C object libsystem.a.p/hw_acpi_pci.c.o
[1114/2927] Compiling C object libsystem.a.p/hw_acpi_vmgenid.c.o
[1115/2927] Compiling C object libsystem.a.p/hw_acpi_cxl.c.o
[1116/2927] Compiling C object libsystem.a.p/hw_9pfs_9p.c.o
[1117/2927] Compiling C object libsystem.a.p/hw_acpi_vmclock.c.o
[1118/2927] Compiling C object libsystem.a.p/hw_acpi_hmat.c.o
[1119/2927] Compiling C object libsystem.a.p/hw_acpi_generic_event_device.c.o
[1120/2927] Compiling C object libsystem.a.p/hw_acpi_pci-bridge.c.o
[1121/2927] Compiling C object libsystem.a.p/hw_acpi_piix4.c.o
[1122/2927] Compiling C object libsystem.a.p/hw_acpi_aml-build.c.o
[1123/2927] Compiling C object libsystem.a.p/hw_acpi_viot.c.o
[1124/2927] Compiling C object libsystem.a.p/hw_acpi_ich9_timer.c.o
[1125/2927] Compiling C object libsystem.a.p/hw_acpi_ipmi.c.o
[1126/2927] Compiling C object libsystem.a.p/hw_acpi_ich9_tco.c.o
[1127/2927] Compiling C object libsystem.a.p/hw_acpi_tpm.c.o
[1128/2927] Compiling C object libsystem.a.p/hw_acpi_ich9.c.o
[1129/2927] Compiling C object libsystem.a.p/hw_acpi_pcihp.c.o
[1130/2927] Compiling C object libsystem.a.p/hw_acpi_acpi-qmp-cmds.c.o
[1131/2927] Compiling C object libsystem.a.p/hw_audio_adlib.c.o
[1132/2927] Compiling C object libsystem.a.p/hw_audio_soundhw.c.o
[1133/2927] Compiling C object libsystem.a.p/hw_acpi_erst.c.o
[1134/2927] Compiling C object libsystem.a.p/meson-generated_.._ui_dbus-display1.c.o
[1135/2927] Compiling C object libsystem.a.p/hw_audio_cs4231a.c.o
[1136/2927] Compiling C object libsystem.a.p/hw_audio_gusemu_hal.c.o
[1137/2927] Compiling C object libsystem.a.p/hw_audio_gus.c.o
[1138/2927] Compiling C object libsystem.a.p/hw_audio_ac97.c.o
[1139/2927] Compiling C object libsystem.a.p/hw_audio_gusemu_mixer.c.o
[1140/2927] Compiling C object libsystem.a.p/hw_audio_es1370.c.o
[1141/2927] Compiling C object libsystem.a.p/hw_audio_fmopl.c.o
[1142/2927] Compiling C object libsystem.a.p/hw_audio_pcspk.c.o
[1143/2927] Compiling C object libsystem.a.p/hw_block_block.c.o
[1144/2927] Compiling C object libsystem.a.p/hw_audio_virtio-snd-pci.c.o
[1145/2927] Compiling C object libsystem.a.p/hw_block_cdrom.c.o
[1146/2927] Compiling C object libsystem.a.p/hw_audio_intel-hda.c.o
[1147/2927] Compiling C object libsystem.a.p/hw_block_hd-geometry.c.o
[1148/2927] Compiling C object libsystem.a.p/hw_audio_hda-codec.c.o
[1149/2927] Compiling C object libsystem.a.p/hw_block_virtio-blk-common.c.o
[1150/2927] Compiling C object libsystem.a.p/hw_audio_sb16.c.o
[1151/2927] Compiling C object libsystem.a.p/hw_block_fdc-isa.c.o
[1152/2927] Compiling C object libsystem.a.p/hw_audio_virtio-snd.c.o
[1153/2927] Compiling C object libsystem.a.p/hw_char_parallel-isa.c.o
[1154/2927] Compiling C object libsystem.a.p/hw_char_ipoctal232.c.o
[1155/2927] Compiling C object libsystem.a.p/hw_char_debugcon.c.o
[1156/2927] Compiling C object libsystem.a.p/hw_block_pflash_cfi01.c.o
[1157/2927] Compiling C object libsystem.a.p/hw_block_xen-block.c.o
[1158/2927] Compiling C object libsystem.a.p/hw_char_parallel.c.o
[1159/2927] Compiling C object libsystem.a.p/hw_char_serial-isa.c.o
[1160/2927] Compiling C object libsystem.a.p/hw_char_serial-pci.c.o
[1161/2927] Compiling C object libsystem.a.p/hw_char_serial.c.o
[1162/2927] Compiling C object libsystem.a.p/hw_block_fdc.c.o
[1163/2927] Compiling C object libsystem.a.p/hw_char_serial-pci-multi.c.o
[1164/2927] Compiling C object libsystem.a.p/hw_core_fw-path-provider.c.o
[1165/2927] Compiling C object libsystem.a.p/hw_char_virtio-console.c.o
[1166/2927] Compiling C object libsystem.a.p/hw_core_cpu-system.c.o
[1167/2927] Compiling C object libsystem.a.p/hw_core_generic-loader.c.o
[1168/2927] Compiling C object libsystem.a.p/hw_core_guest-loader.c.o
[1169/2927] Compiling C object libsystem.a.p/hw_core_gpio.c.o
[1170/2927] Compiling C object libsystem.a.p/hw_char_xen_console.c.o
[1171/2927] Compiling C object libsystem.a.p/hw_core_hotplug.c.o
[1172/2927] Compiling C object libsystem.a.p/hw_core_nmi.c.o
[1173/2927] Compiling C object libsystem.a.p/hw_core_null-machine.c.o
[1174/2927] Compiling C object libsystem.a.p/hw_core_qdev-fw.c.o
[1175/2927] Compiling C object libsystem.a.p/hw_core_machine-hmp-cmds.c.o
[1176/2927] Compiling C object libsystem.a.p/hw_core_machine-qmp-cmds.c.o
[1177/2927] Compiling C object libsystem.a.p/hw_core_reset.c.o
[1178/2927] Compiling C object libsystem.a.p/hw_core_qdev-hotplug.c.o
[1179/2927] Compiling C object libsystem.a.p/hw_core_numa.c.o
[1180/2927] Compiling C object libsystem.a.p/hw_core_vm-change-state-handler.c.o
[1181/2927] Compiling C object libsystem.a.p/hw_core_clock-vmstate.c.o
[1182/2927] Compiling C object libsystem.a.p/hw_cpu_core.c.o
[1183/2927] Compiling C object libsystem.a.p/hw_core_sysbus.c.o
[1184/2927] Compiling C object libsystem.a.p/hw_core_machine.c.o
[1185/2927] Compiling C object libsystem.a.p/hw_core_qdev-properties-system.c.o
[1186/2927] Compiling C object libsystem.a.p/hw_cxl_cxl-device-utils.c.o
[1187/2927] Compiling C object libsystem.a.p/hw_cxl_cxl-component-utils.c.o
[1188/2927] Compiling C object libsystem.a.p/hw_core_loader.c.o
[1189/2927] Compiling C object libsystem.a.p/hw_cxl_cxl-cdat.c.o
[1190/2927] Compiling C object libsystem.a.p/hw_cxl_switch-mailbox-cci.c.o
[1191/2927] Compiling C object libsystem.a.p/hw_display_i2c-ddc.c.o
[1192/2927] Compiling C object libsystem.a.p/hw_cxl_cxl-host.c.o
[1193/2927] Compiling C object libsystem.a.p/hw_cxl_cxl-events.c.o
[1194/2927] Compiling C object libsystem.a.p/hw_display_edid-region.c.o
[1195/2927] Compiling C object libsystem.a.p/hw_display_edid-generate.c.o
[1196/2927] Compiling C object libsystem.a.p/hw_display_ramfb.c.o
[1197/2927] Compiling C object libsystem.a.p/hw_display_ramfb-standalone.c.o
[1198/2927] Compiling C object libsystem.a.p/hw_display_cirrus_vga_isa.c.o
[1199/2927] Compiling C object libsystem.a.p/hw_display_vga-isa.c.o
[1200/2927] Compiling C object libsystem.a.p/hw_display_vga-pci.c.o
[1201/2927] Compiling C object libsystem.a.p/hw_display_virtio-dmabuf.c.o
[1202/2927] Compiling C object libsystem.a.p/hw_display_xenfb.c.o
[1203/2927] Compiling C object libsystem.a.p/hw_cxl_cxl-mailbox-utils.c.o
[1204/2927] Compiling C object libsystem.a.p/hw_display_bochs-display.c.o
[1205/2927] Compiling C object libsystem.a.p/hw_display_acpi-vga.c.o
[1206/2927] Compiling C object libsystem.a.p/hw_display_vmware_vga.c.o
[1207/2927] Compiling C object libsystem.a.p/hw_display_ati_dbg.c.o
[1208/2927] Compiling C object libsystem.a.p/hw_display_ati_2d.c.o
[1209/2927] Compiling C object libsystem.a.p/hw_dma_i8257.c.o
[1210/2927] Compiling C object libsystem.a.p/hw_hyperv_hyperv_testdev.c.o
[1211/2927] Compiling C object libsystem.a.p/hw_display_ati.c.o
[1212/2927] Compiling C object libsystem.a.p/hw_hyperv_hyperv.c.o
[1213/2927] Compiling C object libsystem.a.p/hw_hyperv_hv-balloon-page_range_tree.c.o
[1214/2927] Compiling C object libsystem.a.p/hw_hyperv_syndbg.c.o
[1215/2927] Compiling C object libsystem.a.p/hw_hyperv_hv-balloon-our_range_memslots.c.o
[1216/2927] Compiling C object libsystem.a.p/hw_i2c_smbus_slave.c.o
[1217/2927] Compiling C object libsystem.a.p/hw_i2c_smbus_master.c.o
[1218/2927] Compiling C object libsystem.a.p/hw_display_vga.c.o
[1219/2927] Compiling C object libsystem.a.p/hw_i2c_core.c.o
[1220/2927] Compiling C object libsystem.a.p/hw_hyperv_hv-balloon.c.o
[1221/2927] Compiling C object libsystem.a.p/hw_i2c_smbus_ich9.c.o
[1222/2927] Compiling C object libsystem.a.p/hw_i2c_pm_smbus.c.o
[1223/2927] Compiling C object libsystem.a.p/hw_hyperv_vmbus.c.o
[1224/2927] Compiling C object libsystem.a.p/hw_i2c_bitbang_i2c.c.o
[1225/2927] Compiling C object libsystem.a.p/hw_i2c_smbus_eeprom.c.o
[1226/2927] Compiling C object libsystem.a.p/hw_ide_cf.c.o
[1227/2927] Compiling C object libsystem.a.p/hw_ide_ide-bus.c.o
[1228/2927] Compiling C object libsystem.a.p/hw_ide_ich.c.o
[1229/2927] Compiling C object libsystem.a.p/hw_ide_isa.c.o
[1230/2927] Compiling C object libsystem.a.p/hw_ide_ioport.c.o
[1231/2927] Compiling C object libsystem.a.p/hw_ide_ide-dev.c.o
[1232/2927] Compiling C object libsystem.a.p/hw_ide_atapi.c.o
[1233/2927] Compiling C object libsystem.a.p/hw_ide_ahci.c.o
[1234/2927] Compiling C object libsystem.a.p/hw_input_hid.c.o
[1235/2927] Compiling C object libsystem.a.p/hw_ide_pci.c.o
[1236/2927] Compiling C object libsystem.a.p/hw_ide_piix.c.o
[1237/2927] Compiling C object libsystem.a.p/hw_input_pckbd.c.o
[1238/2927] Compiling C object libsystem.a.p/hw_intc_intc.c.o
[1239/2927] Compiling C object libsystem.a.p/hw_input_virtio-input.c.o
[1240/2927] Compiling C object libsystem.a.p/hw_input_virtio-input-host.c.o
[1241/2927] Compiling C object libsystem.a.p/hw_input_virtio-input-hid.c.o
[1242/2927] Compiling C object libsystem.a.p/hw_intc_i8259_common.c.o
[1243/2927] Compiling C object libsystem.a.p/hw_ide_core.c.o
[1244/2927] Compiling C object libsystem.a.p/hw_input_ps2.c.o
[1245/2927] Compiling C object libsystem.a.p/hw_intc_ioapic_common.c.o
[1246/2927] Compiling C object libsystem.a.p/hw_intc_kvm_irqcount.c.o
[1247/2927] Compiling C object libsystem.a.p/hw_ipack_ipack.c.o
[1248/2927] Compiling C object libsystem.a.p/hw_intc_i8259.c.o
[1249/2927] Compiling C object libsystem.a.p/hw_ipmi_ipmi.c.o
[1250/2927] Compiling C object libsystem.a.p/hw_ipmi_ipmi_kcs.c.o
[1251/2927] Compiling C object libsystem.a.p/hw_ipmi_isa_ipmi_kcs.c.o
[1252/2927] Compiling C object libsystem.a.p/hw_ipack_tpci200.c.o
[1253/2927] Compiling C object libsystem.a.p/hw_ipmi_ipmi_bt.c.o
[1254/2927] Compiling C object libsystem.a.p/hw_ipmi_ipmi_bmc_extern.c.o
[1255/2927] Compiling C object libsystem.a.p/hw_ipmi_isa_ipmi_bt.c.o
[1256/2927] Compiling C object libsystem.a.p/hw_ipmi_pci_ipmi_kcs.c.o
[1257/2927] Compiling C object libsystem.a.p/hw_ipmi_pci_ipmi_bt.c.o
[1258/2927] Compiling C object libsystem.a.p/hw_isa_apm.c.o
[1259/2927] Compiling C object libsystem.a.p/hw_isa_isa-bus.c.o
[1260/2927] Compiling C object libsystem.a.p/hw_ipmi_smbus_ipmi.c.o
[1261/2927] Compiling C object libsystem.a.p/hw_mem_nvdimm.c.o
[1262/2927] Compiling C object libsystem.a.p/hw_isa_piix.c.o
[1263/2927] Compiling C object libsystem.a.p/hw_mem_pc-dimm.c.o
[1264/2927] Compiling C object libsystem.a.p/hw_mem_memory-device.c.o
[1265/2927] Compiling C object libsystem.a.p/hw_ipmi_ipmi_bmc_sim.c.o
[1266/2927] Compiling C object libsystem.a.p/hw_misc_applesmc.c.o
[1267/2927] Compiling C object libsystem.a.p/hw_misc_debugexit.c.o
[1268/2927] Compiling C object libsystem.a.p/hw_misc_pc-testdev.c.o
[1269/2927] Compiling C object libsystem.a.p/hw_misc_vmcoreinfo.c.o
[1270/2927] Compiling C object libsystem.a.p/hw_misc_edu.c.o
[1271/2927] Compiling C object libsystem.a.p/hw_misc_pvpanic.c.o
[1272/2927] Compiling C object libsystem.a.p/hw_misc_pci-testdev.c.o
[1273/2927] Compiling C object libsystem.a.p/hw_misc_pvpanic-isa.c.o
[1274/2927] Compiling C object libsystem.a.p/hw_misc_i2c-echo.c.o
[1275/2927] Compiling C object libsystem.a.p/hw_misc_pvpanic-pci.c.o
[1276/2927] Compiling C object libsystem.a.p/hw_misc_ivshmem-flat.c.o
[1277/2927] Compiling C object libsystem.a.p/hw_misc_ivshmem-pci.c.o
[1278/2927] Compiling C object libsystem.a.p/hw_mem_cxl_type3.c.o
[1279/2927] Compiling C object libsystem.a.p/hw_net_ne2000-pci.c.o
[1280/2927] Compiling C object libsystem.a.p/hw_net_xen_nic.c.o
[1281/2927] Compiling C object libsystem.a.p/hw_net_ne2000.c.o
[1282/2927] Compiling C object libsystem.a.p/hw_net_pcnet-pci.c.o
[1283/2927] Compiling C object libsystem.a.p/hw_net_eepro100.c.o
[1284/2927] Compiling C object libsystem.a.p/hw_net_net_tx_pkt.c.o
[1285/2927] Compiling C object libsystem.a.p/hw_net_e1000x_common.c.o
[1286/2927] Compiling C object libsystem.a.p/hw_net_pcnet.c.o
[1287/2927] Compiling C object libsystem.a.p/hw_net_net_rx_pkt.c.o
[1288/2927] Compiling C object libsystem.a.p/hw_net_e1000.c.o
[1289/2927] Compiling C object libsystem.a.p/hw_net_e1000e.c.o
[1290/2927] Compiling C object libsystem.a.p/hw_net_igb.c.o
[1291/2927] Compiling C object libsystem.a.p/hw_net_igbvf.c.o
[1292/2927] Compiling C object libsystem.a.p/hw_net_ne2000-isa.c.o
[1293/2927] Compiling C object libsystem.a.p/hw_net_tulip.c.o
[1294/2927] Compiling C object libsystem.a.p/hw_net_vhost_net.c.o
[1295/2927] Compiling C object libsystem.a.p/hw_net_rtl8139.c.o
[1296/2927] Compiling C object libsystem.a.p/hw_net_vmxnet3.c.o
[1297/2927] Compiling C object libsystem.a.p/hw_net_rocker_rocker_desc.c.o
[1298/2927] Compiling C object libsystem.a.p/hw_net_rocker_rocker_fp.c.o
[1299/2927] Compiling C object libsystem.a.p/hw_net_rocker_rocker_world.c.o
[1300/2927] Compiling C object libsystem.a.p/hw_net_rocker_rocker.c.o
[1301/2927] Compiling C object libsystem.a.p/hw_net_rocker_rocker-hmp-cmds.c.o
[1302/2927] Compiling C object libsystem.a.p/hw_net_can_can_sja1000.c.o
[1303/2927] Compiling C object libsystem.a.p/hw_net_can_can_kvaser_pci.c.o
[1304/2927] Compiling C object libsystem.a.p/hw_net_e1000e_core.c.o
[1305/2927] Compiling C object libsystem.a.p/hw_net_can_can_mioe3680_pci.c.o
[1306/2927] Compiling C object libsystem.a.p/hw_net_can_can_pcm3680_pci.c.o
[1307/2927] Compiling C object libsystem.a.p/hw_net_rocker_rocker_of_dpa.c.o
[1308/2927] Compiling C object libsystem.a.p/hw_net_igb_core.c.o
[1309/2927] Compiling C object libsystem.a.p/hw_net_can_ctucan_core.c.o
[1310/2927] Compiling C object libsystem.a.p/hw_net_can_ctucan_pci.c.o
[1311/2927] Compiling C object libsystem.a.p/hw_nvme_subsys.c.o
[1312/2927] Compiling C object libsystem.a.p/hw_nvme_nguid.c.o
[1313/2927] Compiling C object libsystem.a.p/hw_femu_intr.c.o
[1314/2927] Compiling C object libsystem.a.p/hw_nvme_dif.c.o
[1315/2927] Compiling C object libsystem.a.p/hw_femu_dma.c.o
[1316/2927] Compiling C object libsystem.a.p/hw_nvme_ns.c.o
[1317/2927] Compiling C object libsystem.a.p/hw_femu_nvme-util.c.o
[1318/2927] Compiling C object libsystem.a.p/hw_femu_nossd_nop.c.o
[1319/2927] Compiling C object libsystem.a.p/hw_femu_nand_nand-media.c.o
[1320/2927] Compiling C object libsystem.a.p/hw_femu_nand_nand.c.o
[1321/2927] Compiling C object libsystem.a.p/hw_femu_timing-model_timing.c.o
[1322/2927] Compiling C object libsystem.a.p/hw_femu_nvme-io.c.o
[1323/2927] Compiling C object libsystem.a.p/hw_femu_nvme-admin.c.o
[1324/2927] Compiling C object libsystem.a.p/hw_femu_femu.c.o
[1325/2927] Compiling C object libsystem.a.p/hw_femu_bbssd_bb.c.o
[1326/2927] Compiling C object libsystem.a.p/hw_femu_zns_zftl.c.o
[1327/2927] Compiling C object libsystem.a.p/hw_femu_bbssd_ftl.c.o
[1328/2927] Compiling C object libsystem.a.p/hw_femu_ocssd_oc12.c.o
[1329/2927] Compiling C object libsystem.a.p/hw_femu_ocssd_oc20.c.o
[1330/2927] Compiling C object libsystem.a.p/hw_display_cirrus_vga.c.o
[1331/2927] Compiling C object libsystem.a.p/hw_femu_bbssd_ftl-geom.c.o
[1332/2927] Compiling C object libsystem.a.p/hw_femu_zns_zns.c.o
[1333/2927] Compiling C object libsystem.a.p/hw_femu_bbssd_ftl-media.c.o
[1334/2927] Compiling C object libsystem.a.p/hw_femu_bbssd_ftl-map.c.o
[1335/2927] Compiling C object libsystem.a.p/hw_femu_bbssd_ftl-exp.c.o
[1336/2927] Compiling C object libsystem.a.p/hw_femu_bbssd_ftl-map-cmt.c.o
[1337/2927] Compiling C object libsystem.a.p/hw_femu_bbssd_ftl-datapath.c.o
[1338/2927] Compiling C object libsystem.a.p/hw_femu_bbssd_ftl-map-hybrid.c.o
[1339/2927] Compiling C object libsystem.a.p/hw_femu_bbssd_ftl-line-gc.c.o
[1340/2927] Compiling C object libsystem.a.p/hw_femu_bbssd_ftl-cache.c.o
[1341/2927] Compiling C object libsystem.a.p/hw_femu_bbssd_ftl-map-fast.c.o
[1342/2927] Compiling C object libsystem.a.p/hw_femu_lib_pqueue.c.o
[1343/2927] Compiling C object libsystem.a.p/hw_femu_kvssd_kvssd.c.o
[1344/2927] Compiling C object libsystem.a.p/hw_femu_lib_rte_ring.c.o
[1345/2927] Compiling C object libsystem.a.p/hw_femu_kvssd_kvssd-admin.c.o
[1346/2927] Compiling C object libsystem.a.p/hw_nvram_fw_cfg-interface.c.o
[1347/2927] Compiling C object libsystem.a.p/hw_femu_bbssd_ftl-fdp.c.o
[1348/2927] Compiling C object libsystem.a.p/hw_femu_csd_csd.c.o
[1349/2927] Compiling C object libsystem.a.p/hw_nvram_eeprom93xx.c.o
[1350/2927] Compiling C object libsystem.a.p/hw_femu_backend_dram.c.o
[1351/2927] Compiling C object libsystem.a.p/hw_pci_pcie_port.c.o
[1352/2927] Compiling C object libsystem.a.p/hw_femu_kvssd_kvssd-ftl.c.o
[1353/2927] Compiling C object libsystem.a.p/hw_pci_pcie_host.c.o
[1354/2927] Compiling C object libsystem.a.p/hw_pci_msi.c.o
[1355/2927] Compiling C object libsystem.a.p/hw_pci_msix.c.o
[1356/2927] Compiling C object libsystem.a.p/hw_nvram_fw_cfg.c.o
[1357/2927] Compiling C object libsystem.a.p/hw_pci_pci_host.c.o
[1358/2927] Compiling C object libsystem.a.p/hw_pci_pci-hmp-cmds.c.o
[1359/2927] Compiling C object libsystem.a.p/hw_pci_pci-qmp-cmds.c.o
[1360/2927] Compiling C object libsystem.a.p/hw_pci_pci_bridge.c.o
[1361/2927] Compiling C object libsystem.a.p/hw_pci_slotid_cap.c.o
[1362/2927] Compiling C object libsystem.a.p/hw_nvme_ctrl.c.o
[1363/2927] Compiling C object libsystem.a.p/hw_pci_pcie_sriov.c.o
[1364/2927] Compiling C object libsystem.a.p/hw_pci_shpc.c.o
[1365/2927] Compiling C object libsystem.a.p/hw_pci_pcie_aer.c.o
[1366/2927] Compiling C object libsystem.a.p/hw_pci_pcie_doe.c.o
[1367/2927] Compiling C object libsystem.a.p/hw_pci-bridge_i82801b11.c.o
[1368/2927] Compiling C object libsystem.a.p/hw_pci-bridge_ioh3420.c.o
[1369/2927] Compiling C object libsystem.a.p/hw_pci-bridge_pci_bridge_dev.c.o
[1370/2927] Compiling C object libsystem.a.p/hw_pci-bridge_pcie_root_port.c.o
[1371/2927] Compiling C object libsystem.a.p/hw_pci_pcie.c.o
[1372/2927] Compiling C object libsystem.a.p/hw_pci_pci.c.o
[1373/2927] Compiling C object libsystem.a.p/hw_pci-bridge_gen_pcie_root_port.c.o
[1374/2927] Compiling C object libsystem.a.p/hw_pci-bridge_pcie_pci_bridge.c.o
[1375/2927] Compiling C object libsystem.a.p/hw_pci-bridge_xio3130_upstream.c.o
[1376/2927] Compiling C object libsystem.a.p/hw_pci-bridge_xio3130_downstream.c.o
[1377/2927] Compiling C object libsystem.a.p/hw_pci-host_pam.c.o
[1378/2927] Compiling C object libsystem.a.p/hw_pci-bridge_pci_expander_bridge.c.o
[1379/2927] Compiling C object libsystem.a.p/hw_pci-bridge_cxl_root_port.c.o
[1380/2927] Compiling C object libsystem.a.p/hw_pci-bridge_cxl_downstream.c.o
[1381/2927] Compiling C object libsystem.a.p/hw_pci-host_gpex.c.o
[1382/2927] Compiling C object libsystem.a.p/hw_scsi_emulation.c.o
[1383/2927] Compiling C object libsystem.a.p/hw_pci-bridge_cxl_upstream.c.o
[1384/2927] Compiling C object libsystem.a.p/hw_pci-host_remote.c.o
[1385/2927] Compiling C object libsystem.a.p/hw_pci-host_gpex-acpi.c.o
[1386/2927] Compiling C object libsystem.a.p/hw_pci-host_i440fx.c.o
[1387/2927] Compiling C object libsystem.a.p/hw_pci-host_q35.c.o
[1388/2927] Compiling C object libsystem.a.p/hw_scsi_esp-pci.c.o
[1389/2927] Compiling C object libsystem.a.p/hw_rtc_mc146818rtc.c.o
[1390/2927] Compiling C object libsystem.a.p/hw_scsi_scsi-generic.c.o
[1391/2927] Compiling C object libsystem.a.p/hw_scsi_mptendian.c.o
[1392/2927] Compiling C object libsystem.a.p/hw_scsi_scsi-bus.c.o
[1393/2927] Compiling C object libsystem.a.p/hw_scsi_esp.c.o
[1394/2927] Compiling C object libsystem.a.p/hw_scsi_mptconfig.c.o
[1395/2927] Compiling C object libsystem.a.p/hw_scsi_scsi-disk.c.o
[1396/2927] Compiling C object libsystem.a.p/hw_scsi_virtio-scsi-dataplane.c.o
[1397/2927] Compiling C object libsystem.a.p/hw_scsi_mptsas.c.o
[1398/2927] Compiling C object libsystem.a.p/hw_scsi_vhost-scsi.c.o
[1399/2927] Compiling C object libsystem.a.p/hw_scsi_lsi53c895a.c.o
[1400/2927] Compiling C object libsystem.a.p/hw_scsi_vhost-user-scsi.c.o
[1401/2927] Compiling C object libsystem.a.p/hw_sd_core.c.o
[1402/2927] Compiling C object libsystem.a.p/hw_sd_sdhci-pci.c.o
[1403/2927] Compiling C object libsystem.a.p/hw_smbios_smbios_type_38.c.o
[1404/2927] Compiling C object libsystem.a.p/hw_scsi_vmw_pvscsi.c.o
[1405/2927] Compiling C object libsystem.a.p/hw_smbios_smbios_legacy.c.o
[1406/2927] Compiling C object libsystem.a.p/hw_scsi_megasas.c.o
[1407/2927] Compiling C object libsystem.a.p/hw_timer_i8254_common.c.o
[1408/2927] Compiling C object libsystem.a.p/hw_tpm_tpm_tis_isa.c.o
[1409/2927] Compiling C object libsystem.a.p/hw_timer_i8254.c.o
[1410/2927] Compiling C object libsystem.a.p/hw_timer_hpet.c.o
[1411/2927] Compiling C object libsystem.a.p/hw_tpm_tpm_ppi.c.o
[1412/2927] Compiling C object libsystem.a.p/hw_tpm_tpm_crb.c.o
[1413/2927] Compiling C object libsystem.a.p/hw_sd_sdhci.c.o
[1414/2927] Compiling C object libsystem.a.p/hw_uefi_hardware-info.c.o
[1415/2927] Compiling C object libsystem.a.p/hw_tpm_tpm_tis_common.c.o
[1416/2927] Compiling C object libsystem.a.p/hw_smbios_smbios.c.o
[1417/2927] Compiling C object libsystem.a.p/hw_sd_sd.c.o
[1418/2927] Compiling C object libsystem.a.p/hw_usb_combined-packet.c.o
[1419/2927] Compiling C object libsystem.a.p/hw_ufs_lu.c.o
[1420/2927] Compiling C object libsystem.a.p/hw_usb_libhw.c.o
[1421/2927] Compiling C object libsystem.a.p/hw_usb_desc-msos.c.o
[1422/2927] Compiling C object libsystem.a.p/hw_usb_pcap.c.o
[1423/2927] Compiling C object libsystem.a.p/hw_usb_bus.c.o
[1424/2927] Compiling C object libsystem.a.p/hw_usb_core.c.o
[1425/2927] Compiling C object libsystem.a.p/hw_usb_desc.c.o
[1426/2927] Compiling C object libsystem.a.p/hw_usb_hcd-ohci-pci.c.o
[1427/2927] Compiling C object libsystem.a.p/hw_ufs_ufs.c.o
[1428/2927] Compiling C object libsystem.a.p/hw_usb_hcd-ehci-pci.c.o
[1429/2927] Compiling C object libsystem.a.p/hw_usb_hcd-uhci.c.o
[1430/2927] Compiling C object libsystem.a.p/hw_usb_hcd-xhci-nec.c.o
[1431/2927] Compiling C object libsystem.a.p/hw_usb_imx-usb-phy.c.o
[1432/2927] Compiling C object libsystem.a.p/hw_usb_hcd-xhci-sysbus.c.o
[1433/2927] Compiling C object libsystem.a.p/hw_usb_hcd-xhci-pci.c.o
[1434/2927] Compiling C object libsystem.a.p/hw_usb_hcd-ohci.c.o
[1435/2927] Compiling C object libsystem.a.p/hw_usb_dev-wacom.c.o
[1436/2927] Compiling C object libsystem.a.p/hw_usb_dev-hid.c.o
[1437/2927] Compiling C object libsystem.a.p/hw_usb_dev-storage-bot.c.o
[1438/2927] Compiling C object libsystem.a.p/hw_usb_dev-storage.c.o
[1439/2927] Compiling C object libsystem.a.p/hw_usb_dev-hub.c.o
[1440/2927] Compiling C object libsystem.a.p/hw_usb_dev-storage-classic.c.o
[1441/2927] Compiling C object libsystem.a.p/hw_usb_dev-audio.c.o
[1442/2927] Compiling C object libsystem.a.p/hw_usb_dev-serial.c.o
[1443/2927] Compiling C object libsystem.a.p/hw_usb_dev-uas.c.o
[1444/2927] Compiling C object libsystem.a.p/hw_usb_dev-network.c.o
[1445/2927] Compiling C object libsystem.a.p/hw_usb_u2f.c.o
[1446/2927] Compiling C object libsystem.a.p/hw_usb_hcd-ehci.c.o
[1447/2927] Compiling C object libsystem.a.p/hw_usb_dev-smartcard-reader.c.o
[1448/2927] Compiling C object libsystem.a.p/hw_usb_u2f-passthru.c.o
[1449/2927] Compiling C object libsystem.a.p/hw_usb_hcd-xhci.c.o
[1450/2927] Compiling C object libsystem.a.p/hw_vfio_cpr-legacy.c.o
[1451/2927] Compiling C object libsystem.a.p/hw_vfio_cpr.c.o
[1452/2927] Compiling C object libsystem.a.p/hw_vfio_cpr-iommufd.c.o
[1453/2927] Compiling C object libsystem.a.p/hw_vfio_device.c.o
[1454/2927] Compiling C object libsystem.a.p/hw_vfio_region.c.o
[1455/2927] Compiling C object libsystem.a.p/hw_vfio_migration-multifd.c.o
[1456/2927] Compiling C object libsystem.a.p/hw_usb_dev-mtp.c.o
[1457/2927] Compiling C object libsystem.a.p/hw_vfio_migration.c.o
[1458/2927] Compiling C object libsystem.a.p/hw_vfio_display.c.o
[1459/2927] Compiling C object libsystem.a.p/hw_vfio-user_container.c.o
[1460/2927] Compiling C object libsystem.a.p/hw_vfio_iommufd.c.o
[1461/2927] Compiling C object libsystem.a.p/hw_vfio-user_device.c.o
[1462/2927] Compiling C object libsystem.a.p/hw_virtio_iothread-vq-mapping.c.o
[1463/2927] Compiling C object libsystem.a.p/hw_vfio-user_pci.c.o
[1464/2927] Compiling C object libsystem.a.p/hw_virtio_virtio-bus.c.o
[1465/2927] Compiling C object libsystem.a.p/hw_virtio_virtio-config-io.c.o
[1466/2927] Compiling C object libsystem.a.p/hw_vfio-user_proxy.c.o
[1467/2927] Compiling C object libsystem.a.p/hw_virtio_vdpa-dev.c.o
[1468/2927] Compiling C object libsystem.a.p/hw_virtio_vhost-vsock-common.c.o
[1469/2927] Compiling C object libsystem.a.p/hw_virtio_virtio-mmio.c.o
[1470/2927] Compiling C object libsystem.a.p/hw_virtio_virtio-crypto.c.o
[1471/2927] Compiling C object libsystem.a.p/hw_virtio_vhost-iova-tree.c.o
[1472/2927] Compiling C object libsystem.a.p/hw_virtio_vhost-user-device.c.o
[1473/2927] Compiling C object libsystem.a.p/hw_virtio_vhost-backend.c.o
[1474/2927] Compiling C object libsystem.a.p/hw_virtio_vhost-user-base.c.o
[1475/2927] Compiling C object libsystem.a.p/hw_virtio_vhost-user-gpio.c.o
[1476/2927] Compiling C object libsystem.a.p/hw_virtio_virtio-iommu.c.o
[1477/2927] Compiling C object libsystem.a.p/hw_virtio_vhost-user-i2c.c.o
[1478/2927] Compiling C object libsystem.a.p/hw_virtio_vhost-user-rng.c.o
[1479/2927] Compiling C object libsystem.a.p/hw_virtio_vhost-user-snd.c.o
[1480/2927] Compiling C object libsystem.a.p/hw_virtio_vhost-user-input.c.o
[1481/2927] Compiling C object libsystem.a.p/hw_virtio_virtio-pci.c.o
[1482/2927] Compiling C object libsystem.a.p/hw_virtio_vhost-user-device-pci.c.o
[1483/2927] Compiling C object libsystem.a.p/hw_virtio_vhost-user-i2c-pci.c.o
[1484/2927] Compiling C object libsystem.a.p/hw_virtio_vhost-user-rng-pci.c.o
[1485/2927] Compiling C object libsystem.a.p/hw_virtio_vhost-user-gpio-pci.c.o
[1486/2927] Compiling C object libsystem.a.p/hw_virtio_vhost-user-snd-pci.c.o
[1487/2927] Compiling C object libsystem.a.p/hw_virtio_vhost.c.o
[1488/2927] Compiling C object libsystem.a.p/hw_virtio_vhost-user-vsock.c.o
[1489/2927] Compiling C object libsystem.a.p/hw_virtio_vhost-user-input-pci.c.o
[1490/2927] Compiling C object libsystem.a.p/hw_virtio_vhost-vsock-pci.c.o
[1491/2927] Compiling C object libsystem.a.p/hw_virtio_vhost-user-vsock-pci.c.o
[1492/2927] Compiling C object libsystem.a.p/hw_virtio_vhost-shadow-virtqueue.c.o
[1493/2927] Compiling C object libsystem.a.p/hw_virtio_virtio-rng.c.o
[1494/2927] Compiling C object libsystem.a.p/hw_virtio_vhost-user-blk-pci.c.o
[1495/2927] Compiling C object libsystem.a.p/hw_virtio_vhost-user-scsi-pci.c.o
[1496/2927] Compiling C object libsystem.a.p/hw_virtio_vhost-scsi-pci.c.o
[1497/2927] Compiling C object libsystem.a.p/hw_virtio_virtio-crypto-pci.c.o
[1498/2927] Compiling C object libsystem.a.p/hw_virtio_vhost-user-fs-pci.c.o
[1499/2927] Compiling C object libsystem.a.p/hw_virtio_virtio-input-host-pci.c.o
[1500/2927] Compiling C object libsystem.a.p/hw_virtio_vhost-vdpa.c.o
[1501/2927] Compiling C object libsystem.a.p/hw_virtio_virtio-input-pci.c.o
[1502/2927] Compiling C object libsystem.a.p/hw_virtio_virtio-rng-pci.c.o
[1503/2927] Compiling C object libsystem.a.p/hw_virtio_virtio-balloon-pci.c.o
[1504/2927] Compiling C object libsystem.a.p/hw_virtio_virtio-9p-pci.c.o
[1505/2927] Compiling C object libsystem.a.p/hw_virtio_virtio-blk-pci.c.o
[1506/2927] Compiling C object libsystem.a.p/hw_virtio_virtio-net-pci.c.o
[1507/2927] Compiling C object libsystem.a.p/hw_virtio_virtio-scsi-pci.c.o
[1508/2927] Compiling C object libsystem.a.p/hw_virtio_virtio-serial-pci.c.o
[1509/2927] Compiling C object libsystem.a.p/hw_virtio_virtio-pmem-pci.c.o
[1510/2927] Compiling C object libsystem.a.p/hw_virtio_virtio-iommu-pci.c.o
[1511/2927] Compiling C object libsystem.a.p/hw_virtio_virtio-acpi.c.o
[1512/2927] Compiling C object libsystem.a.p/hw_virtio_virtio-mem-pci.c.o
[1513/2927] Compiling C object libsystem.a.p/hw_virtio_vdpa-dev-pci.c.o
[1514/2927] Compiling C object libsystem.a.p/hw_watchdog_watchdog.c.o
[1515/2927] Compiling C object libsystem.a.p/hw_virtio_virtio-md-pci.c.o
[1516/2927] Compiling C object libsystem.a.p/hw_virtio_virtio-hmp-cmds.c.o
[1517/2927] Compiling C object libsystem.a.p/hw_xen_xen-backend.c.o
[1518/2927] Compiling C object libsystem.a.p/hw_xen_xen-bus-helper.c.o
[1519/2927] Compiling C object libsystem.a.p/hw_watchdog_wdt_ib700.c.o
[1520/2927] Compiling C object libsystem.a.p/hw_watchdog_wdt_i6300esb.c.o
[1521/2927] Compiling C object libsystem.a.p/hw_xen_xen_stubs.c.o
[1522/2927] Compiling C object libsystem.a.p/hw_xen_xen_devconfig.c.o
[1523/2927] Compiling C object libsystem.a.p/hw_xen_xen_pvdev.c.o
[1524/2927] Compiling C object libsystem.a.p/hw_xen_xen-legacy-backend.c.o
[1525/2927] Compiling C object libsystem.a.p/hw_remote_mpqemu-link.c.o
[1526/2927] Compiling C object libsystem.a.p/hw_remote_machine.c.o
[1527/2927] Compiling C object libsystem.a.p/hw_remote_message.c.o
[1528/2927] Compiling C object libsystem.a.p/hw_xen_xen-bus.c.o
[1529/2927] Compiling C object libsystem.a.p/hw_remote_remote-obj.c.o
[1530/2927] Compiling C object libsystem.a.p/hw_remote_vfio-user-obj-stub.c.o
[1531/2927] Compiling C object libsystem.a.p/hw_remote_iohub.c.o
[1532/2927] Compiling C object libsystem.a.p/hw_remote_proxy.c.o
[1533/2927] Compiling C object libsystem.a.p/hw_remote_iommu.c.o
[1534/2927] Compiling C object libsystem.a.p/audio_audio-hmp-cmds.c.o
[1535/2927] Compiling C object libsystem.a.p/audio_noaudio.c.o
[1536/2927] Compiling C object libsystem.a.p/audio_wavcapture.c.o
[1537/2927] Compiling C object libsystem.a.p/audio_wavaudio.c.o
[1538/2927] Compiling C object libsystem.a.p/chardev_char-hmp-cmds.c.o
[1539/2927] Compiling C object libsystem.a.p/chardev_msmouse.c.o
[1540/2927] Compiling C object libsystem.a.p/fsdev_qemu-fsdev-opts.c.o
[1541/2927] Compiling C object libsystem.a.p/chardev_testdev.c.o
[1542/2927] Compiling C object libsystem.a.p/chardev_wctablet.c.o
[1543/2927] Compiling C object libsystem.a.p/fsdev_9p-marshal.c.o
[1544/2927] Compiling C object libsystem.a.p/fsdev_qemu-fsdev-throttle.c.o
[1545/2927] Compiling C object libsystem.a.p/fsdev_9p-iov-marshal.c.o
[1546/2927] Compiling C object libsystem.a.p/fsdev_qemu-fsdev.c.o
[1547/2927] Compiling C object libsystem.a.p/audio_mixeng.c.o
[1548/2927] Compiling C object libsystem.a.p/block_block-ram-registrar.c.o
[1549/2927] Compiling C object libsystem.a.p/dump_dump-hmp-cmds.c.o
[1550/2927] Compiling C object libsystem.a.p/block_blkreplay.c.o
[1551/2927] Compiling C object libsystem.a.p/block_qapi-system.c.o
[1552/2927] Compiling C object libsystem.a.p/system_balloon.c.o
[1553/2927] Compiling C object libsystem.a.p/system_bootdevice.c.o
[1554/2927] Compiling C object libsystem.a.p/block_monitor_block-hmp-cmds.c.o
[1555/2927] Compiling C object libsystem.a.p/system_cpu-timers.c.o
[1556/2927] Compiling C object libsystem.a.p/system_datadir.c.o
[1557/2927] Compiling C object libsystem.a.p/system_cpus.c.o
[1558/2927] Compiling C object libsystem.a.p/dump_dump.c.o
[1559/2927] Compiling C object libsystem.a.p/audio_audio.c.o
[1560/2927] Compiling C object libsystem.a.p/system_globals.c.o
[1561/2927] Compiling C object libsystem.a.p/system_dirtylimit.c.o
[1562/2927] Compiling C object libsystem.a.p/system_ioport.c.o
[1563/2927] Compiling C object libsystem.a.p/system_memory_mapping.c.o
[1564/2927] Compiling C object libsystem.a.p/system_dma-helpers.c.o
[1565/2927] Compiling C object libsystem.a.p/system_ram-block-attributes.c.o
[1566/2927] Compiling C object libsystem.a.p/system_runstate-action.c.o
[1567/2927] Compiling C object libsystem.a.p/system_rtc.c.o
[1568/2927] Compiling C object libsystem.a.p/system_runstate-hmp-cmds.c.o
[1569/2927] Compiling C object libsystem.a.p/system_watchpoint.c.o
[1570/2927] Compiling C object libsystem.a.p/system_tpm-hmp-cmds.c.o
[1571/2927] Compiling C object libsystem.a.p/system_qdev-monitor.c.o
[1572/2927] Compiling C object libsystem.a.p/system_vl.c.o
[1573/2927] Compiling C object libsystem.a.p/system_qtest.c.o
[1574/2927] Compiling C object libsystem.a.p/system_runstate.c.o
[1575/2927] Compiling C object libsystem.a.p/system_async-teardown.c.o
[1576/2927] Compiling C object libsystem.a.p/system_tpm.c.o
[1577/2927] Compiling C object libsystem.a.p/backends_cryptodev-hmp-cmds.c.o
[1578/2927] Compiling C object libsystem.a.p/backends_cryptodev-builtin.c.o
[1579/2927] Compiling C object libsystem.a.p/system_device_tree.c.o
[1580/2927] Compiling C object libsystem.a.p/backends_rng-builtin.c.o
[1581/2927] Compiling C object libsystem.a.p/backends_hostmem-ram.c.o
[1582/2927] Compiling C object libsystem.a.p/backends_hostmem.c.o
[1583/2927] Compiling C object libsystem.a.p/backends_confidential-guest-support.c.o
[1584/2927] Compiling C object libsystem.a.p/backends_rng-random.c.o
[1585/2927] Compiling C object libsystem.a.p/backends_cryptodev.c.o
[1586/2927] Compiling C object libsystem.a.p/backends_rng-egd.c.o
[1587/2927] Compiling C object libsystem.a.p/backends_rng.c.o
[1588/2927] Compiling C object libsystem.a.p/backends_host_iommu_device.c.o
[1589/2927] Compiling C object libsystem.a.p/backends_hostmem-shm.c.o
[1590/2927] Compiling C object libsystem.a.p/backends_hostmem-memfd.c.o
[1591/2927] Compiling C object libsystem.a.p/backends_hostmem-file.c.o
[1592/2927] Compiling C object libsystem.a.p/backends_vhost-user.c.o
[1593/2927] Compiling C object libsystem.a.p/system_memory.c.o
[1594/2927] Compiling C object libsystem.a.p/backends_cryptodev-vhost.c.o
[1595/2927] Compiling C object libsystem.a.p/backends_spdm-socket.c.o
[1596/2927] Compiling C object libsystem.a.p/backends_hostmem-epc.c.o
[1597/2927] Compiling C object libsystem.a.p/backends_tpm_tpm_backend.c.o
[1598/2927] Compiling C object libsystem.a.p/backends_cryptodev-vhost-user.c.o
[1599/2927] Compiling C object libsystem.a.p/backends_iommufd.c.o
[1600/2927] Compiling C object libsystem.a.p/backends_dbus-vmstate.c.o
[1601/2927] Compiling C object libsystem.a.p/backends_tpm_tpm_util.c.o
[1602/2927] Compiling C object libsystem.a.p/backends_tpm_tpm_passthrough.c.o
[1603/2927] Compiling C object libsystem.a.p/disas_disas-mon.c.o
[1604/2927] Compiling C object libsystem.a.p/migration_block-active.c.o
[1605/2927] Compiling C object libsystem.a.p/migration_channel.c.o
[1606/2927] Compiling C object libsystem.a.p/migration_channel-block.c.o
[1607/2927] Compiling C object libsystem.a.p/backends_tpm_tpm_emulator.c.o
[1608/2927] Compiling C object libsystem.a.p/migration_cpr-transfer.c.o
[1609/2927] Compiling C object libsystem.a.p/migration_cpr.c.o
[1610/2927] Compiling C object libsystem.a.p/system_physmem.c.o
[1611/2927] Compiling C object libsystem.a.p/migration_cpu-throttle.c.o
[1612/2927] Compiling C object libsystem.a.p/migration_block-dirty-bitmap.c.o
[1613/2927] Compiling C object libsystem.a.p/migration_exec.c.o
[1614/2927] Compiling C object libsystem.a.p/migration_fd.c.o
[1615/2927] Compiling C object libsystem.a.p/migration_global_state.c.o
[1616/2927] Compiling C object libsystem.a.p/migration_file.c.o
[1617/2927] Compiling C object libsystem.a.p/migration_dirtyrate.c.o
[1618/2927] Compiling C object libsystem.a.p/migration_multifd-device-state.c.o
[1619/2927] Compiling C object libsystem.a.p/migration_migration-hmp-cmds.c.o
[1620/2927] Compiling C object libsystem.a.p/migration_multifd-nocomp.c.o
[1621/2927] Compiling C object libsystem.a.p/migration_multifd-zlib.c.o
[1622/2927] Compiling C object libsystem.a.p/migration_multifd-zero-page.c.o
[1623/2927] Compiling C object libsystem.a.p/migration_threadinfo.c.o
[1624/2927] Compiling C object libsystem.a.p/migration_multifd.c.o
[1625/2927] Compiling C object libsystem.a.p/migration_socket.c.o
[1626/2927] Compiling C object libsystem.a.p/migration_tls.c.o
[1627/2927] Compiling C object libsystem.a.p/migration_options.c.o
[1628/2927] Compiling C object libsystem.a.p/migration_colo-failover.c.o
[1629/2927] Compiling C object libsystem.a.p/migration_multifd-zstd.c.o
[1630/2927] Compiling C object libsystem.a.p/migration_postcopy-ram.c.o
[1631/2927] Compiling C object libsystem.a.p/monitor_fds.c.o
[1632/2927] Compiling C object libsystem.a.p/migration_colo.c.o
[1633/2927] Compiling C object libsystem.a.p/monitor_hmp-cmds.c.o
[1634/2927] Compiling C object libsystem.a.p/monitor_qemu-config-qmp.c.o
[1635/2927] Compiling C object libsystem.a.p/migration_migration.c.o
[1636/2927] Compiling C object libsystem.a.p/monitor_qmp-cmds.c.o
[1637/2927] Compiling C object libsystem.a.p/net_announce.c.o
[1638/2927] Compiling C object libsystem.a.p/net_checksum.c.o
[1639/2927] Compiling C object libsystem.a.p/net_dump.c.o
[1640/2927] Compiling C object libsystem.a.p/net_filter-buffer.c.o
[1641/2927] Compiling C object libsystem.a.p/net_dgram.c.o
[1642/2927] Compiling C object libsystem.a.p/net_eth.c.o
[1643/2927] Compiling C object libsystem.a.p/net_filter-mirror.c.o
[1644/2927] Compiling C object libsystem.a.p/monitor_hmp.c.o
[1645/2927] Compiling C object libsystem.a.p/net_hub.c.o
[1646/2927] Compiling C object libsystem.a.p/net_filter.c.o
[1647/2927] Compiling C object libsystem.a.p/migration_savevm.c.o
[1648/2927] Compiling C object libsystem.a.p/net_queue.c.o
[1649/2927] Compiling C object libsystem.a.p/net_net-hmp-cmds.c.o
[1650/2927] Compiling C object libsystem.a.p/net_stream.c.o
[1651/2927] Compiling C object libsystem.a.p/net_util.c.o
[1652/2927] Compiling C object libsystem.a.p/net_stream_data.c.o
[1653/2927] Compiling C object libsystem.a.p/net_colo.c.o
[1654/2927] Compiling C object libsystem.a.p/net_filter-rewriter.c.o
[1655/2927] Compiling C object libsystem.a.p/net_filter-replay.c.o
[1656/2927] Compiling C object libsystem.a.p/net_socket.c.o
[1657/2927] Compiling C object libsystem.a.p/net_l2tpv3.c.o
[1658/2927] Compiling C object libsystem.a.p/net_tap-linux.c.o
[1659/2927] Compiling C object libsystem.a.p/net_colo-compare.c.o
[1660/2927] Compiling C object libsystem.a.p/net_vhost-user.c.o
[1661/2927] Compiling C object libsystem.a.p/net_net.c.o
[1662/2927] Compiling C object libsystem.a.p/net_passt.c.o
[1663/2927] Compiling C object libsystem.a.p/net_slirp.c.o
[1664/2927] Compiling C object libsystem.a.p/net_can_can_core.c.o
[1665/2927] Compiling C object libsystem.a.p/net_can_can_socketcan.c.o
[1666/2927] Compiling C object libsystem.a.p/net_can_can_host.c.o
[1667/2927] Compiling C object libsystem.a.p/net_tap.c.o
[1668/2927] Compiling C object libsystem.a.p/replay_replay.c.o
[1669/2927] Compiling C object libsystem.a.p/replay_replay-time.c.o
[1670/2927] Compiling C object libsystem.a.p/replay_replay-internal.c.o
[1671/2927] Compiling C object libsystem.a.p/replay_replay-input.c.o
[1672/2927] Compiling C object libsystem.a.p/replay_replay-char.c.o
[1673/2927] Compiling C object libsystem.a.p/replay_replay-events.c.o
[1674/2927] Compiling C object libsystem.a.p/replay_replay-snapshot.c.o
[1675/2927] Compiling C object libsystem.a.p/replay_replay-audio.c.o
[1676/2927] Compiling C object libsystem.a.p/net_vhost-vdpa.c.o
[1677/2927] Compiling C object libsystem.a.p/semihosting_stubs-system.c.o
[1678/2927] Compiling C object libsystem.a.p/replay_replay-random.c.o
[1679/2927] Compiling C object libsystem.a.p/replay_replay-net.c.o
[1680/2927] Compiling C object libsystem.a.p/stats_stats-qmp-cmds.c.o
[1681/2927] Compiling C object libsystem.a.p/replay_replay-debugging.c.o
[1682/2927] Compiling C object libsystem.a.p/tcg_tcg-common.c.o
[1683/2927] Compiling C object libsystem.a.p/stats_stats-hmp-cmds.c.o
[1684/2927] Compiling C object libsystem.a.p/tcg_region.c.o
[1685/2927] Compiling C object libsystem.a.p/tcg_debuginfo.c.o
[1686/2927] Compiling C object libsystem.a.p/tcg_perf.c.o
[1687/2927] Compiling C object libsystem.a.p/accel_accel-system.c.o
[1688/2927] Compiling C object libsystem.a.p/accel_accel-blocker.c.o
[1689/2927] Compiling C object libsystem.a.p/accel_accel-qmp.c.o
[1690/2927] Compiling C object libsystem.a.p/accel_tcg_cpu-exec-common.c.o
[1691/2927] Compiling C object libsystem.a.p/tcg_tcg-op-vec.c.o
[1692/2927] Compiling C object libsystem.a.p/accel_tcg_tcg-runtime.c.o
[1693/2927] Compiling C object libsystem.a.p/accel_tcg_cpu-exec.c.o
[1694/2927] Compiling C object libsystem.a.p/tcg_optimize.c.o
[1695/2927] Compiling C object libsystem.a.p/tcg_tcg-op-ldst.c.o
[1696/2927] Compiling C object libsystem.a.p/accel_tcg_tcg-all.c.o
[1697/2927] Compiling C object libsystem.a.p/accel_tcg_tcg-stats.c.o
[1698/2927] Compiling C object libsystem.a.p/accel_tcg_tb-maint.c.o
[1699/2927] Compiling C object libsystem.a.p/tcg_tcg-op.c.o
[1700/2927] Compiling C object libsystem.a.p/accel_tcg_translate-all.c.o
[1701/2927] Compiling C object libsystem.a.p/accel_tcg_monitor.c.o
[1702/2927] Compiling C object libsystem.a.p/tcg_tcg-op-gvec.c.o
[1703/2927] Compiling C object libsystem.a.p/accel_tcg_icount-common.c.o
[1704/2927] Compiling C object libsystem.a.p/accel_tcg_tcg-accel-ops-icount.c.o
[1705/2927] Compiling C object libsystem.a.p/accel_tcg_tcg-accel-ops.c.o
[1706/2927] Compiling C object libsystem.a.p/accel_tcg_plugin-gen.c.o
[1707/2927] Compiling C object libsystem.a.p/accel_tcg_tcg-accel-ops-mttcg.c.o
[1708/2927] Compiling C object libsystem.a.p/accel_tcg_translator.c.o
[1709/2927] Compiling C object libsystem.a.p/accel_tcg_watchpoint.c.o
[1710/2927] Compiling C object libsystem.a.p/accel_dummy-cpus.c.o
[1711/2927] Compiling C object libsystem.a.p/accel_tcg_tcg-accel-ops-rr.c.o
[1712/2927] Compiling C object libsystem.a.p/plugins_system.c.o
[1713/2927] Compiling C object libsystem.a.p/ebpf_ebpf_rss-stub.c.o
[1714/2927] Compiling C object libsystem.a.p/plugins_api-system.c.o
[1715/2927] Compiling C object libsystem.a.p/plugins_api.c.o
[1716/2927] Compiling C object libsystem.a.p/ui_dbus-chardev.c.o
[1717/2927] Compiling C object libsystem.a.p/ui_dbus-clipboard.c.o
[1718/2927] Compiling C object libsystem.a.p/ui_dbus-error.c.o
[1719/2927] Compiling C object libsystem.a.p/ui_dbus-console.c.o
[1720/2927] Compiling C object libsystem.a.p/plugins_core.c.o
[1721/2927] Compiling C object libsystem.a.p/ui_dbus-listener.c.o
[1722/2927] Compiling C object libsystem.a.p/accel_tcg_tcg-runtime-gvec.c.o
[1723/2927] Compiling C object libsystem.a.p/tcg_tcg.c.o
[1724/2927] Compiling C object libsystem.a.p/ui_dbus.c.o
[1725/2927] Compiling C object libsystem.a.p/hw_display_virtio-gpu-base.c.o
[1726/2927] Compiling C object libsystem.a.p/hw_display_virtio-gpu-udmabuf.c.o
[1727/2927] Compiling C object libsystem.a.p/hw_display_virtio-gpu-pci.c.o
[1728/2927] Compiling C object libsystem.a.p/hw_display_vhost-user-gpu-pci.c.o
[1729/2927] Compiling C object libsystem.a.p/hw_display_vhost-user-gpu.c.o
[1730/2927] Compiling C object libsystem.a.p/hw_display_virtio-vga.c.o
[1731/2927] Compiling C object libsystem.a.p/hw_display_vhost-user-vga.c.o
[1732/2927] Compiling C object libsystem.a.p/hw_uefi_var-service-core.c.o
[1733/2927] Compiling C object libsystem.a.p/hw_uefi_var-service-guid.c.o
[1734/2927] Compiling C object libsystem.a.p/hw_uefi_var-service-json.c.o
[1735/2927] Compiling C object libsystem.a.p/hw_uefi_var-service-auth.c.o
[1736/2927] Compiling C object libsystem.a.p/hw_uefi_var-service-vars.c.o
[1737/2927] Compiling C object libsystem.a.p/hw_display_virtio-gpu.c.o
[1738/2927] Compiling C object libsystem.a.p/hw_uefi_var-service-sysbus.c.o
[1739/2927] Compiling C object libsystem.a.p/hw_uefi_var-service-utils.c.o
[1740/2927] Compiling C object libsystem.a.p/hw_uefi_var-service-policy.c.o
[1741/2927] Compiling C object libsystem.a.p/hw_uefi_var-service-pkcs7-stub.c.o
[1742/2927] Generating x86_64-softmmu-gdbstub-xml.c with a custom command (wrapped by meson to capture output)
[1743/2927] Compiling C object libsystem.a.p/hw_uefi_var-service-siglist.c.o
[1744/2927] Generating 'libcommon.a.p/decode-insns.c.inc'
[1745/2927] Compiling C object libqemu-x86_64-softmmu.a.p/meson-generated_.._x86_64-softmmu-gdbstub-xml.c.o
[1746/2927] Compiling C object libqemu-x86_64-softmmu.a.p/target_i386_arch_dump.c.o
[1747/2927] Compiling C object libsystem.a.p/audio_ossaudio.c.o
[1748/2927] Compiling C object libqemu-x86_64-softmmu.a.p/target_i386_arch_memory_mapping.c.o
[1749/2927] Compiling C object libsystem.a.p/audio_dbusaudio.c.o
[1750/2927] Compiling C object libcommon.a.p/page-vary-common.c.o
[1751/2927] Compiling C object libcommon.a.p/target-info.c.o
[1752/2927] Compiling C object libcommon.a.p/hw_core_cpu-common.c.o
[1753/2927] Compiling C object libsystem.a.p/accel_tcg_cputlb.c.o
[1754/2927] Compiling C object libcommon.a.p/disas_disas-host.c.o
[1755/2927] Compiling C object libcommon.a.p/cpu-common.c.o
[1756/2927] Compiling C object libcommon.a.p/hw_core_machine-smp.c.o
[1757/2927] Compiling C object libcommon.a.p/disas_objdump.c.o
[1758/2927] Compiling C object libcommon.a.p/disas_disas-target.c.o
[1759/2927] Compiling C object libqemu-x86_64-softmmu.a.p/target_i386_machine.c.o
[1760/2927] Compiling C object libcommon.a.p/semihosting_stubs-all.c.o
[1761/2927] Compiling C object libcommon.a.p/disas_disas-common.c.o
[1762/2927] Compiling C object libcommon.a.p/accel_accel-common.c.o
[1763/2927] Compiling C object libcommon.a.p/plugins_loader.c.o
[1764/2927] Compiling C object libqemu-x86_64-softmmu.a.p/target_i386_cpu-apic.c.o
[1765/2927] Compiling C object libqemu-x86_64-softmmu.a.p/target_i386_cpu-system.c.o
[1766/2927] Compiling C object libqemu-x86_64-softmmu.a.p/target_i386_kvm_hyperv.c.o
[1767/2927] Compiling C object libqemu-x86_64-softmmu.a.p/target_i386_monitor.c.o
[1768/2927] Compiling C object libqemu-x86_64-softmmu.a.p/target_i386_kvm_kvm-cpu.c.o
[1769/2927] Compiling C object libqemu-x86_64-softmmu.a.p/target_i386_kvm_vmsr_energy.c.o
[1770/2927] Compiling C object libqemu-x86_64-softmmu.a.p/target_i386_kvm_tdx-quote-generator.c.o
[1771/2927] Compiling C object libqemu-x86_64-softmmu.a.p/target_i386_tcg_system_tcg-cpu.c.o
[1772/2927] Compiling C object libqemu-x86_64-softmmu.a.p/target_i386_kvm_xen-emu.c.o
[1773/2927] Compiling C object libqemu-x86_64-softmmu.a.p/target_i386_kvm_tdx.c.o
[1774/2927] Compiling C object libqemu-x86_64-softmmu.a.p/target_i386_tcg_system_excp_helper.c.o
[1775/2927] Compiling C object libqemu-x86_64-softmmu.a.p/target_i386_tcg_system_fpu_helper.c.o
[1776/2927] Compiling C object libqemu-x86_64-softmmu.a.p/target_i386_sev.c.o
[1777/2927] Compiling C object libqemu-x86_64-softmmu.a.p/target_i386_tcg_system_smm_helper.c.o
[1778/2927] Compiling C object libqemu-x86_64-softmmu.a.p/target_i386_tcg_system_bpt_helper.c.o
[1779/2927] Compiling C object libqemu-x86_64-softmmu.a.p/hw_i386_e820_memory_layout.c.o
[1780/2927] Compiling C object libqemu-x86_64-softmmu.a.p/hw_i386_fw_cfg.c.o
[1781/2927] Compiling C object libqemu-x86_64-softmmu.a.p/hw_i386_monitor.c.o
[1782/2927] Compiling C object libqemu-x86_64-softmmu.a.p/target_i386_tcg_system_misc_helper.c.o
[1783/2927] Compiling C object libqemu-x86_64-softmmu.a.p/hw_i386_multiboot.c.o
[1784/2927] Compiling C object libqemu-x86_64-softmmu.a.p/hw_i386_x86-cpu.c.o
[1785/2927] Compiling C object libqemu-x86_64-softmmu.a.p/target_i386_tcg_system_seg_helper.c.o
[1786/2927] Compiling C object libqemu-x86_64-softmmu.a.p/target_i386_tcg_system_svm_helper.c.o
[1787/2927] Compiling C object libqemu-x86_64-softmmu.a.p/hw_i386_x86.c.o
[1788/2927] Compiling C object libqemu-x86_64-softmmu.a.p/target_i386_kvm_kvm.c.o
[1789/2927] Compiling C object libqemu-x86_64-softmmu.a.p/hw_i386_x86-iommu.c.o
[1790/2927] Compiling C object libqemu-x86_64-softmmu.a.p/hw_i386_vapic.c.o
[1791/2927] Compiling C object libqemu-x86_64-softmmu.a.p/hw_i386_acpi-microvm.c.o
[1792/2927] Compiling C object libqemu-x86_64-softmmu.a.p/hw_i386_microvm-dt.c.o
[1793/2927] Compiling C object libqemu-x86_64-softmmu.a.p/hw_i386_microvm.c.o
[1794/2927] Compiling C object libqemu-x86_64-softmmu.a.p/hw_i386_x86-common.c.o
[1795/2927] Compiling C object libqemu-x86_64-softmmu.a.p/hw_i386_amd_iommu.c.o
[1796/2927] Compiling C object libqemu-x86_64-softmmu.a.p/hw_i386_pc_piix.c.o
[1797/2927] Compiling C object libqemu-x86_64-softmmu.a.p/hw_i386_vmmouse.c.o
[1798/2927] Compiling C object libqemu-x86_64-softmmu.a.p/hw_i386_vmport.c.o
[1799/2927] Compiling C object libqemu-x86_64-softmmu.a.p/hw_i386_sgx-epc.c.o
[1800/2927] Compiling C object libqemu-x86_64-softmmu.a.p/hw_i386_pc_q35.c.o
[1801/2927] Compiling C object libqemu-x86_64-softmmu.a.p/hw_i386_acpi-common.c.o
[1802/2927] Compiling C object libqemu-x86_64-softmmu.a.p/hw_i386_sgx.c.o
[1803/2927] Compiling C object libqemu-x86_64-softmmu.a.p/hw_i386_pc_sysfw.c.o
[1804/2927] Compiling C object libqemu-x86_64-softmmu.a.p/hw_i386_port92.c.o
[1805/2927] Compiling C object libqemu-x86_64-softmmu.a.p/hw_i386_pc_sysfw_ovmf.c.o
[1806/2927] Compiling C object libqemu-x86_64-softmmu.a.p/hw_i386_tdvf-hob.c.o
[1807/2927] Compiling C object libqemu-x86_64-softmmu.a.p/hw_i386_tdvf.c.o
[1808/2927] Compiling C object libqemu-x86_64-softmmu.a.p/hw_i386_pc.c.o
[1809/2927] Compiling C object libqemu-x86_64-softmmu.a.p/hw_i386_kvm_clock.c.o
[1810/2927] Compiling C object libqemu-x86_64-softmmu.a.p/hw_i386_kvm_i8254.c.o
[1811/2927] Compiling C object libqemu-x86_64-softmmu.a.p/hw_i386_kvm_apic.c.o
[1812/2927] Compiling C object libqemu-x86_64-softmmu.a.p/hw_i386_kvm_i8259.c.o
[1813/2927] Compiling C object libqemu-x86_64-softmmu.a.p/hw_i386_kvm_xen_overlay.c.o
[1814/2927] Compiling C object libqemu-x86_64-softmmu.a.p/hw_i386_kvm_ioapic.c.o
[1815/2927] Compiling C object libqemu-x86_64-softmmu.a.p/hw_i386_acpi-build.c.o
[1816/2927] Compiling C object libqemu-x86_64-softmmu.a.p/hw_i386_kvm_xen_gnttab.c.o
[1817/2927] Compiling C object libqemu-x86_64-softmmu.a.p/hw_i386_kvm_xen_primary_console.c.o
[1818/2927] Compiling C object libqemu-x86_64-softmmu.a.p/hw_i386_xen_xen_platform.c.o
[1819/2927] Compiling C object libqemu-x86_64-softmmu.a.p/hw_i386_intel_iommu.c.o
[1820/2927] Compiling C object libqemu-x86_64-softmmu.a.p/target_i386_gdbstub.c.o
[1821/2927] Compiling C object libqemu-x86_64-softmmu.a.p/hw_i386_kvm_xen_xenstore.c.o
[1822/2927] Compiling C object libqemu-x86_64-softmmu.a.p/hw_i386_kvm_xenstore_impl.c.o
[1823/2927] Compiling C object libqemu-x86_64-softmmu.a.p/hw_i386_kvm_xen_evtchn.c.o
[1824/2927] Compiling C object libqemu-x86_64-softmmu.a.p/target_i386_xsave_helper.c.o
[1825/2927] Compiling C object libqemu-x86_64-softmmu.a.p/target_i386_confidential-guest.c.o
[1826/2927] Compiling C object libqemu-x86_64-softmmu.a.p/target_i386_host-cpu.c.o
[1827/2927] Compiling C object libqemu-x86_64-softmmu.a.p/target_i386_helper.c.o
[1828/2927] Compiling C object libqemu-x86_64-softmmu.a.p/target_i386_cpu-dump.c.o
[1829/2927] Compiling C object libqemu-x86_64-softmmu.a.p/target_i386_tcg_access.c.o
[1830/2927] Compiling C object libqemu-x86_64-softmmu.a.p/target_i386_tcg_bpt_helper.c.o
[1831/2927] Compiling C object libqemu-x86_64-softmmu.a.p/target_i386_tcg_excp_helper.c.o
[1832/2927] Compiling C object libqemu-x86_64-softmmu.a.p/target_i386_tcg_mem_helper.c.o
[1833/2927] Compiling C object libqemu-x86_64-softmmu.a.p/target_i386_tcg_cc_helper.c.o
[1834/2927] Compiling C object libqemu-x86_64-softmmu.a.p/target_i386_cpu.c.o
[1835/2927] Compiling C object libqemu-x86_64-softmmu.a.p/target_i386_tcg_int_helper.c.o
[1836/2927] Compiling C object libqemu-x86_64-softmmu.a.p/target_i386_tcg_tcg-cpu.c.o
[1837/2927] Compiling C object libqemu-x86_64-softmmu.a.p/hw_9pfs_virtio-9p-device.c.o
[1838/2927] Compiling C object libqemu-x86_64-softmmu.a.p/target_i386_tcg_misc_helper.c.o
[1839/2927] Compiling C object libqemu-x86_64-softmmu.a.p/target_i386_tcg_mpx_helper.c.o
[1840/2927] Compiling C object libqemu-x86_64-softmmu.a.p/hw_block_vhost-user-blk.c.o
[1841/2927] Compiling C object libqemu-x86_64-softmmu.a.p/hw_block_dataplane_xen-block.c.o
[1842/2927] Compiling C object libqemu-x86_64-softmmu.a.p/hw_block_virtio-blk.c.o
[1843/2927] Compiling C object libqemu-x86_64-softmmu.a.p/hw_char_virtio-serial-bus.c.o
[1844/2927] Compiling C object libqemu-x86_64-softmmu.a.p/hw_intc_apic_common.c.o
[1845/2927] Compiling C object libqemu-x86_64-softmmu.a.p/hw_intc_apic.c.o
[1846/2927] Compiling C object libqemu-x86_64-softmmu.a.p/hw_intc_ioapic.c.o
[1847/2927] Compiling C object libqemu-x86_64-softmmu.a.p/hw_isa_lpc_ich9.c.o
[1848/2927] Compiling C object libqemu-x86_64-softmmu.a.p/hw_nvram_fw_cfg-acpi.c.o
[1849/2927] Compiling C object libqemu-x86_64-softmmu.a.p/hw_scsi_vhost-scsi-common.c.o
[1850/2927] Compiling C object libqemu-x86_64-softmmu.a.p/target_i386_tcg_seg_helper.c.o
[1851/2927] Compiling C object libqemu-x86_64-softmmu.a.p/hw_vfio_listener.c.o
[1852/2927] Compiling C object libqemu-x86_64-softmmu.a.p/hw_scsi_virtio-scsi.c.o
[1853/2927] Compiling C object libqemu-x86_64-softmmu.a.p/hw_vfio_container-base.c.o
[1854/2927] Compiling C object libcommon.a.p/fpu_softfloat.c.o
[1855/2927] Compiling C object libqemu-x86_64-softmmu.a.p/hw_vfio_helpers.c.o
[1856/2927] Compiling C object libqemu-x86_64-softmmu.a.p/hw_vfio_container.c.o
[1857/2927] Compiling C object libqemu-x86_64-softmmu.a.p/hw_net_virtio-net.c.o
[1858/2927] Compiling C object libqemu-x86_64-softmmu.a.p/hw_vfio_igd.c.o
[1859/2927] Compiling C object libqemu-x86_64-softmmu.a.p/hw_vfio_pci-quirks.c.o
[1860/2927] Compiling C object libqemu-x86_64-softmmu.a.p/hw_virtio_virtio-qmp.c.o
[1861/2927] Compiling C object libqemu-x86_64-softmmu.a.p/hw_virtio_vhost-user-fs.c.o
[1862/2927] Compiling C object libqemu-x86_64-softmmu.a.p/hw_virtio_virtio-pmem.c.o
[1863/2927] Compiling C object libqemu-x86_64-softmmu.a.p/hw_virtio_virtio-balloon.c.o
[1864/2927] Compiling C object libqemu-x86_64-softmmu.a.p/hw_virtio_vhost-vsock.c.o
[1865/2927] Compiling C object libqemu-x86_64-softmmu.a.p/hw_vfio_pci.c.o
[1866/2927] Compiling C object libqemu-x86_64-softmmu.a.p/hw_remote_memory.c.o
[1867/2927] Compiling C object libqemu-x86_64-softmmu.a.p/cpu-target.c.o
[1868/2927] Compiling C object libqemu-x86_64-softmmu.a.p/hw_virtio_vhost-user.c.o
[1869/2927] Compiling C object libqemu-x86_64-softmmu.a.p/hw_remote_proxy-memory-listener.c.o
[1870/2927] Compiling C object libqemu-x86_64-softmmu.a.p/system_arch_init.c.o
[1871/2927] Compiling C object libqemu-x86_64-softmmu.a.p/system_globals-target.c.o
[1872/2927] Compiling C object libqemu-x86_64-softmmu.a.p/dump_win_dump.c.o
[1873/2927] Compiling C object libqemu-x86_64-softmmu.a.p/page-target.c.o
[1874/2927] Compiling C object libqemu-x86_64-softmmu.a.p/page-vary-target.c.o
[1875/2927] Compiling C object libqemu-x86_64-softmmu.a.p/hw_virtio_virtio-mem.c.o
[1876/2927] Compiling C object libqemu-x86_64-softmmu.a.p/target-info-stub.c.o
[1877/2927] Compiling C object libqemu-x86_64-softmmu.a.p/migration_vfio.c.o
[1878/2927] Compiling C object libqemu-x86_64-softmmu.a.p/hw_virtio_virtio.c.o
[1879/2927] Compiling C object libqemu-x86_64-softmmu.a.p/target_i386_tcg_fpu_helper.c.o
[1880/2927] Compiling C object libqemu-x86_64-softmmu.a.p/accel_accel-target.c.o
[1881/2927] Compiling C object libqemu-x86_64-softmmu.a.p/accel_stubs_xen-stub.c.o
[1882/2927] Compiling C object libqemu-x86_64-softmmu.a.p/monitor_hmp-target.c.o
[1883/2927] Compiling C object libqemu-x86_64-softmmu.a.p/monitor_hmp-cmds-target.c.o
[1884/2927] Compiling C object libqemu-x86_64-softmmu.a.p/accel_kvm_kvm-accel-ops.c.o
[1885/2927] Compiling C object libqemu-x86_64-softmmu.a.p/accel_stubs_hvf-stub.c.o
[1886/2927] Compiling C object libqemu-x86_64-softmmu.a.p/accel_stubs_nvmm-stub.c.o
[1887/2927] Compiling C object libqemu-x86_64-softmmu.a.p/accel_stubs_whpx-stub.c.o
[1888/2927] Compiling C object libqemu-x86_64-softmmu.a.p/accel_qtest_qtest.c.o
[1889/2927] Generating qga/QGA QAPI files with a custom command
[1890/2927] Compiling C object qemu-system-x86_64.p/system_main.c.o
[1891/2927] Compiling C object qga/qemu-ga.p/meson-generated_.._qga-qapi-emit-events.c.o
[1892/2927] Compiling C object qemu-io.p/qemu-io.c.o
[1893/2927] Compiling C object qga/qemu-ga.p/meson-generated_.._qga-qapi-events.c.o
[1894/2927] Compiling C object qga/qemu-ga.p/meson-generated_.._qga-qapi-introspect.c.o
[1895/2927] Compiling C object qga/qemu-ga.p/meson-generated_.._qga-qapi-init-commands.c.o
[1896/2927] Compiling C object qemu-nbd.p/qemu-nbd.c.o
[1897/2927] Compiling C object qga/qemu-ga.p/meson-generated_.._qga-qapi-commands.c.o
[1898/2927] Compiling C object qga/qemu-ga.p/meson-generated_.._qga-qapi-types.c.o
[1899/2927] Compiling C object qga/qemu-ga.p/guest-agent-command-state.c.o
[1900/2927] Compiling C object qga/qemu-ga.p/commands.c.o
[1901/2927] Compiling C object qga/qemu-ga.p/cutils.c.o
[1902/2927] Compiling C object libqemu-x86_64-softmmu.a.p/migration_ram.c.o
[1903/2927] Compiling C object qga/qemu-ga.p/commands-common-ssh.c.o
[1904/2927] Compiling C object qga/qemu-ga.p/channel-posix.c.o
[1905/2927] Compiling C object qga/qemu-ga.p/main.c.o
[1906/2927] Compiling C object libqemu-x86_64-softmmu.a.p/accel_kvm_kvm-all.c.o
[1907/2927] Compiling C object qga/qemu-ga.p/commands-posix-ssh.c.o
[1908/2927] Compiling C object qga/qemu-ga.p/meson-generated_.._qga-qapi-visit.c.o
[1909/2927] Compiling C object qga/qga-ssh-test.p/commands-common-ssh.c.o
[1910/2927] Compiling C object qga/qga-ssh-test.p/meson-generated_.._qga-qapi-types.c.o
[1911/2927] Compiling C object qga/qga-ssh-test.p/commands-posix-ssh.c.o
[1912/2927] Compiling C object qga/qemu-ga.p/commands-posix.c.o
[1913/2927] Linking target qemu-io
[1914/2927] Compiling C object qemu-img.p/qemu-img.c.o
[1915/2927] Linking target qemu-nbd
[1916/2927] Compiling C object qemu-edid.p/qemu-edid.c.o
[1917/2927] Linking target qemu-img
[1918/2927] Compiling C object qemu-edid.p/hw_display_edid-generate.c.o
[1919/2927] Compiling C object contrib/vhost-user-input/vhost-user-input.p/main.c.o
[1920/2927] Compiling C object qga/qemu-ga.p/commands-linux.c.o
[1921/2927] Linking target qemu-edid
[1922/2927] Compiling C object contrib/vhost-user-blk/vhost-user-blk.p/vhost-user-blk.c.o
[1923/2927] Compiling C object qemu-bridge-helper.p/qemu-bridge-helper.c.o
[1924/2927] Linking target contrib/vhost-user-input/vhost-user-input
[1925/2927] Linking target qga/qemu-ga
[1926/2927] Linking target contrib/vhost-user-blk/vhost-user-blk
[1927/2927] Linking target qemu-bridge-helper
[1928/2927] Compiling C object qga/qga-ssh-test.p/meson-generated_.._qga-qapi-visit.c.o
[1929/2927] Linking target qga/qga-ssh-test
[1930/2927] Generating storage-daemon/qapi/QAPI files for qemu-storage-daemon with a custom command
[1931/2927] Compiling C object qemu-vmsr-helper.p/tools_i386_qemu-vmsr-helper.c.o
[1932/2927] Compiling C object contrib/ivshmem-client/ivshmem-client.p/main.c.o
[1933/2927] Compiling C object qemu-pr-helper.p/scsi_qemu-pr-helper.c.o
[1934/2927] Compiling C object qemu-pr-helper.p/scsi_utils.c.o
[1935/2927] Compiling C object contrib/ivshmem-client/ivshmem-client.p/ivshmem-client.c.o
[1936/2927] Compiling C object storage-daemon/qemu-storage-daemon.p/meson-generated_.._qapi_qapi-types.c.o
[1937/2927] Compiling C object storage-daemon/qemu-storage-daemon.p/meson-generated_.._qapi_qapi-visit.c.o
[1938/2927] Compiling C object storage-daemon/qemu-storage-daemon.p/meson-generated_.._qapi_qapi-commands.c.o
[1939/2927] Compiling C object contrib/ivshmem-server/ivshmem-server.p/ivshmem-server.c.o
[1940/2927] Compiling C object libqemu-x86_64-softmmu.a.p/target_i386_tcg_translate.c.o
[1941/2927] Compiling C object storage-daemon/qemu-storage-daemon.p/meson-generated_.._qapi_qapi-introspect.c.o
[1942/2927] Compiling C object storage-daemon/qemu-storage-daemon.p/meson-generated_.._qapi_qapi-events.c.o
[1943/2927] Linking target contrib/ivshmem-client/ivshmem-client
[1944/2927] Compiling C object storage-daemon/qemu-storage-daemon.p/meson-generated_.._qapi_qapi-init-commands.c.o
[1945/2927] Compiling C object storage-daemon/qemu-storage-daemon.p/meson-generated_.._qapi_qapi-emit-events.c.o
[1946/2927] Linking target qemu-pr-helper
[1947/2927] Linking target qemu-vmsr-helper
[1948/2927] Compiling C object contrib/ivshmem-server/ivshmem-server.p/main.c.o
[1949/2927] Compiling C object storage-daemon/qemu-storage-daemon.p/qemu-storage-daemon.c.o
[1950/2927] Linking target contrib/ivshmem-server/ivshmem-server
[1951/2927] Generating pc-bios/edk2-riscv-vars.fd with a custom command (wrapped by meson to capture output)
[1952/2927] Generating pc-bios/edk2-riscv-code.fd with a custom command (wrapped by meson to capture output)
[1953/2927] Generating pc-bios/edk2-i386-vars.fd with a custom command (wrapped by meson to capture output)
[1954/2927] Linking target storage-daemon/qemu-storage-daemon
[1955/2927] Generating pc-bios/edk2-arm-vars.fd with a custom command (wrapped by meson to capture output)
[1956/2927] Generating pc-bios/edk2-i386-code.fd with a custom command (wrapped by meson to capture output)
[1957/2927] Generating pc-bios/edk2-i386-secure-code.fd with a custom command (wrapped by meson to capture output)
[1958/2927] Generating pc-bios/edk2-aarch64-code.fd with a custom command (wrapped by meson to capture output)
[1959/2927] Generating pc-bios/edk2-loongarch64-vars.fd with a custom command (wrapped by meson to capture output)
[1960/2927] Generating pc-bios/edk2-arm-code.fd with a custom command (wrapped by meson to capture output)
[1961/2927] Generating pc-bios/edk2-x86_64-code.fd with a custom command (wrapped by meson to capture output)
[1962/2927] Generating pc-bios/edk2-x86_64-secure-code.fd with a custom command (wrapped by meson to capture output)
[1963/2927] Generating pc-bios/edk2-loongarch64-code.fd with a custom command (wrapped by meson to capture output)
[1964/2927] Compiling C object tests/bench/qtree-bench.p/qtree-bench.c.o
[1965/2927] Compiling C object tests/bench/bufferiszero-bench.p/bufferiszero-bench.c.o
[1966/2927] Compiling C object tests/bench/benchmark-crypto-hmac.p/benchmark-crypto-hmac.c.o
[1967/2927] Compiling C object tests/bench/qht-bench.p/qht-bench.c.o
[1968/2927] Compiling C object tests/bench/benchmark-crypto-hash.p/benchmark-crypto-hash.c.o
[1969/2927] Linking target tests/bench/bufferiszero-bench
[1970/2927] Compiling C object tests/bench/benchmark-crypto-akcipher.p/benchmark-crypto-akcipher.c.o
[1971/2927] Linking target tests/bench/qtree-bench
[1972/2927] Linking target tests/bench/qht-bench
[1973/2927] Linking target tests/bench/benchmark-crypto-hmac
[1974/2927] Compiling C object subprojects/berkeley-softfloat-3/libsoftfloat.a.p/source_s_eq128.c.o
[1975/2927] Compiling C object subprojects/berkeley-softfloat-3/libsoftfloat.a.p/source_s_le128.c.o
[1976/2927] Compiling C object subprojects/berkeley-softfloat-3/libsoftfloat.a.p/source_s_lt128.c.o
[1977/2927] Compiling C object subprojects/berkeley-softfloat-3/libsoftfloat.a.p/source_s_shortShiftLeft128.c.o
[1978/2927] Compiling C object subprojects/berkeley-softfloat-3/libsoftfloat.a.p/source_s_shortShiftRight128.c.o
[1979/2927] Linking target tests/bench/benchmark-crypto-akcipher
[1980/2927] Linking target tests/bench/benchmark-crypto-hash
[1981/2927] Compiling C object subprojects/berkeley-softfloat-3/libsoftfloat.a.p/source_s_shortShiftRightJam64.c.o
[1982/2927] Generating tests/Test QAPI files with a custom command
[1983/2927] Compiling C object subprojects/berkeley-softfloat-3/libsoftfloat.a.p/source_s_shortShiftRightJam64Extra.c.o
[1984/2927] Linking target qemu-system-x86_64
[1985/2927] Generating tests/include/QAPI test (include) with a custom command
[1986/2927] Compiling C object subprojects/berkeley-softfloat-3/libsoftfloat.a.p/source_s_shortShiftRightJam128.c.o
[1987/2927] Compiling C object subprojects/berkeley-softfloat-3/libsoftfloat.a.p/source_s_shortShiftRightJam128Extra.c.o
[1988/2927] Compiling C object subprojects/berkeley-softfloat-3/libsoftfloat.a.p/source_s_shiftRightJam64.c.o
[1989/2927] Compiling C object subprojects/berkeley-softfloat-3/libsoftfloat.a.p/source_s_shiftRightJam32.c.o
[1990/2927] Compiling C object subprojects/berkeley-softfloat-3/libsoftfloat.a.p/source_s_shiftRightJam64Extra.c.o
[1991/2927] Compiling C object tests/bench/benchmark-crypto-cipher.p/benchmark-crypto-cipher.c.o
[1992/2927] Compiling C object tests/libtestqapi.a.p/meson-generated_.._test-qapi-commands-sub-sub-module.c.o
[1993/2927] Compiling C object tests/libtestqapi.a.p/meson-generated_.._test-qapi-emit-events.c.o
[1994/2927] Compiling C object tests/libtestqapi.a.p/meson-generated_.._test-qapi-features.c.o
[1995/2927] Compiling C object tests/libtestqapi.a.p/meson-generated_.._qapi-builtin-types.c.o
[1996/2927] Linking target tests/bench/benchmark-crypto-cipher
[1997/2927] Compiling C object tests/libtestqapi.a.p/meson-generated_.._test-qapi-events-sub-sub-module.c.o
[1998/2927] Compiling C object tests/vhost-user-bridge.p/vhost-user-bridge.c.o
[1999/2927] Compiling C object tests/libtestqapi.a.p/meson-generated_.._qapi-builtin-visit.c.o
[2000/2927] Compiling C object tests/libtestqapi.a.p/meson-generated_.._test-qapi-commands.c.o
[2001/2927] Compiling C object tests/libtestqapi.a.p/meson-generated_.._test-qapi-types-sub-sub-module.c.o
[2002/2927] Compiling C object tests/libtestqapi.a.p/meson-generated_.._test-qapi-events.c.o
[2003/2927] Compiling C object tests/libtestqapi.a.p/meson-generated_.._test-qapi-introspect.c.o
[2004/2927] Compiling C object tests/libtestqapi.a.p/meson-generated_.._test-qapi-init-commands.c.o
[2005/2927] Compiling C object tests/libtestqapi.a.p/meson-generated_.._test-qapi-visit-sub-sub-module.c.o
[2006/2927] Compiling C object tests/libtestqapi.a.p/meson-generated_.._include_test-qapi-events-sub-module.c.o
[2007/2927] Compiling C object subprojects/berkeley-softfloat-3/libsoftfloat.a.p/source_s_shiftRightJam128.c.o
[2008/2927] Compiling C object tests/libtestqapi.a.p/meson-generated_.._include_test-qapi-commands-sub-module.c.o
[2009/2927] Linking target tests/vhost-user-bridge
[2010/2927] Compiling C object tests/libtestqapi.a.p/meson-generated_.._include_test-qapi-types-sub-module.c.o
[2011/2927] Compiling C object subprojects/berkeley-softfloat-3/libsoftfloat.a.p/source_s_countLeadingZeros16.c.o
[2012/2927] Compiling C object subprojects/berkeley-softfloat-3/libsoftfloat.a.p/source_s_countLeadingZeros8.c.o
[2013/2927] Compiling C object subprojects/berkeley-softfloat-3/libsoftfloat.a.p/source_s_countLeadingZeros32.c.o
[2014/2927] Compiling C object subprojects/berkeley-softfloat-3/libsoftfloat.a.p/source_s_shiftRightJam128Extra.c.o
[2015/2927] Compiling C object subprojects/berkeley-softfloat-3/libsoftfloat.a.p/source_s_shiftRightJam256M.c.o
[2016/2927] Compiling C object subprojects/berkeley-softfloat-3/libsoftfloat.a.p/source_s_add128.c.o
[2017/2927] Compiling C object subprojects/berkeley-softfloat-3/libsoftfloat.a.p/source_s_countLeadingZeros64.c.o
[2018/2927] Compiling C object subprojects/berkeley-softfloat-3/libsoftfloat.a.p/source_s_sub128.c.o
[2019/2927] Compiling C object tests/libtestqapi.a.p/meson-generated_.._test-qapi-types.c.o
[2020/2927] Compiling C object subprojects/berkeley-softfloat-3/libsoftfloat.a.p/source_s_add256M.c.o
[2021/2927] Compiling C object tests/libtestqapi.a.p/meson-generated_.._include_test-qapi-visit-sub-module.c.o
[2022/2927] Compiling C object subprojects/berkeley-softfloat-3/libsoftfloat.a.p/source_s_sub256M.c.o
[2023/2927] Compiling C object subprojects/berkeley-softfloat-3/libsoftfloat.a.p/source_s_mul64ByShifted32To128.c.o
[2024/2927] Compiling C object subprojects/berkeley-softfloat-3/libsoftfloat.a.p/source_s_mul128By32.c.o
[2025/2927] Compiling C object subprojects/berkeley-softfloat-3/libsoftfloat.a.p/source_s_approxRecip_1Ks.c.o
[2026/2927] Compiling C object subprojects/berkeley-softfloat-3/libsoftfloat.a.p/source_s_mul64To128.c.o
[2027/2927] Compiling C object subprojects/berkeley-softfloat-3/libsoftfloat.a.p/source_s_mul128To256M.c.o
[2028/2927] Compiling C object subprojects/berkeley-softfloat-3/libsoftfloat.a.p/source_s_approxRecipSqrt_1Ks.c.o
[2029/2927] Compiling C object subprojects/berkeley-softfloat-3/libsoftfloat.a.p/source_s_approxRecip32_1.c.o
[2030/2927] Compiling C object subprojects/berkeley-softfloat-3/libsoftfloat.a.p/source_s_approxRecipSqrt32_1.c.o
[2031/2927] Compiling C object subprojects/berkeley-softfloat-3/libsoftfloat.a.p/source_s_roundToUI64.c.o
[2032/2927] Compiling C object subprojects/berkeley-softfloat-3/libsoftfloat.a.p/source_s_normSubnormalF16Sig.c.o
[2033/2927] Compiling C object subprojects/berkeley-softfloat-3/libsoftfloat.a.p/source_s_roundToUI32.c.o
[2034/2927] Compiling C object subprojects/berkeley-softfloat-3/libsoftfloat.a.p/source_s_roundToI32.c.o
[2035/2927] Compiling C object subprojects/berkeley-softfloat-3/libsoftfloat.a.p/source_s_roundToI64.c.o
[2036/2927] Compiling C object subprojects/berkeley-softfloat-3/libsoftfloat.a.p/source_s_normRoundPackToF16.c.o
[2037/2927] Compiling C object subprojects/berkeley-softfloat-3/libsoftfloat.a.p/source_s_roundPackToF16.c.o
[2038/2927] Compiling C object subprojects/berkeley-softfloat-3/libsoftfloat.a.p/source_s_normSubnormalF32Sig.c.o
[2039/2927] Compiling C object subprojects/berkeley-softfloat-3/libsoftfloat.a.p/source_s_normRoundPackToF32.c.o
[2040/2927] Compiling C object subprojects/berkeley-softfloat-3/libsoftfloat.a.p/source_s_addMagsF16.c.o
[2041/2927] Compiling C object subprojects/berkeley-softfloat-3/libsoftfloat.a.p/source_s_roundPackToF32.c.o
[2042/2927] Compiling C object subprojects/berkeley-softfloat-3/libsoftfloat.a.p/source_s_subMagsF16.c.o
[2043/2927] Compiling C object subprojects/berkeley-softfloat-3/libsoftfloat.a.p/source_s_normSubnormalF64Sig.c.o
[2044/2927] Compiling C object subprojects/berkeley-softfloat-3/libsoftfloat.a.p/source_s_addMagsF32.c.o
[2045/2927] Compiling C object subprojects/berkeley-softfloat-3/libsoftfloat.a.p/source_s_subMagsF32.c.o
[2046/2927] Compiling C object subprojects/berkeley-softfloat-3/libsoftfloat.a.p/source_s_mulAddF16.c.o
[2047/2927] Compiling C object subprojects/berkeley-softfloat-3/libsoftfloat.a.p/source_s_normRoundPackToF64.c.o
[2048/2927] Compiling C object subprojects/berkeley-softfloat-3/libsoftfloat.a.p/source_s_roundPackToF64.c.o
[2049/2927] Compiling C object subprojects/berkeley-softfloat-3/libsoftfloat.a.p/source_s_normSubnormalExtF80Sig.c.o
[2050/2927] Compiling C object subprojects/berkeley-softfloat-3/libsoftfloat.a.p/source_s_mulAddF32.c.o
[2051/2927] Compiling C object subprojects/berkeley-softfloat-3/libsoftfloat.a.p/source_s_subMagsF64.c.o
[2052/2927] Compiling C object subprojects/berkeley-softfloat-3/libsoftfloat.a.p/source_s_normRoundPackToExtF80.c.o
[2053/2927] Compiling C object subprojects/berkeley-softfloat-3/libsoftfloat.a.p/source_s_addMagsF64.c.o
[2054/2927] Compiling C object subprojects/berkeley-softfloat-3/libsoftfloat.a.p/source_s_mulAddF64.c.o
[2055/2927] Compiling C object subprojects/berkeley-softfloat-3/libsoftfloat.a.p/source_s_subMagsExtF80.c.o
[2056/2927] Compiling C object subprojects/berkeley-softfloat-3/libsoftfloat.a.p/source_s_addMagsExtF80.c.o
[2057/2927] Compiling C object subprojects/berkeley-softfloat-3/libsoftfloat.a.p/source_s_normRoundPackToF128.c.o
[2058/2927] Compiling C object subprojects/berkeley-softfloat-3/libsoftfloat.a.p/source_s_normSubnormalF128Sig.c.o
[2059/2927] Compiling C object subprojects/berkeley-softfloat-3/libsoftfloat.a.p/source_softfloat_state.c.o
[2060/2927] Compiling C object subprojects/berkeley-softfloat-3/libsoftfloat.a.p/source_s_roundPackToF128.c.o
[2061/2927] Compiling C object subprojects/berkeley-softfloat-3/libsoftfloat.a.p/source_s_roundPackToExtF80.c.o
[2062/2927] Compiling C object subprojects/berkeley-softfloat-3/libsoftfloat.a.p/source_ui32_to_f32.c.o
[2063/2927] Compiling C object subprojects/berkeley-softfloat-3/libsoftfloat.a.p/source_ui32_to_f16.c.o
[2064/2927] Compiling C object subprojects/berkeley-softfloat-3/libsoftfloat.a.p/source_ui32_to_f64.c.o
[2065/2927] Compiling C object subprojects/berkeley-softfloat-3/libsoftfloat.a.p/source_ui32_to_extF80.c.o
[2066/2927] Compiling C object subprojects/berkeley-softfloat-3/libsoftfloat.a.p/source_s_subMagsF128.c.o
[2067/2927] Compiling C object subprojects/berkeley-softfloat-3/libsoftfloat.a.p/source_s_addMagsF128.c.o
[2068/2927] Compiling C object subprojects/berkeley-softfloat-3/libsoftfloat.a.p/source_ui32_to_extF80M.c.o
[2069/2927] Compiling C object subprojects/berkeley-softfloat-3/libsoftfloat.a.p/source_ui32_to_f128M.c.o
[2070/2927] Compiling C object subprojects/berkeley-softfloat-3/libsoftfloat.a.p/source_ui64_to_f16.c.o
[2071/2927] Compiling C object subprojects/berkeley-softfloat-3/libsoftfloat.a.p/source_ui32_to_f128.c.o
[2072/2927] Compiling C object subprojects/berkeley-softfloat-3/libsoftfloat.a.p/source_ui64_to_f64.c.o
[2073/2927] Compiling C object subprojects/berkeley-softfloat-3/libsoftfloat.a.p/source_ui64_to_f32.c.o
[2074/2927] Compiling C object subprojects/berkeley-softfloat-3/libsoftfloat.a.p/source_ui64_to_extF80.c.o
[2075/2927] Compiling C object subprojects/berkeley-softfloat-3/libsoftfloat.a.p/source_ui64_to_extF80M.c.o
[2076/2927] Compiling C object subprojects/berkeley-softfloat-3/libsoftfloat.a.p/source_ui64_to_f128M.c.o
[2077/2927] Compiling C object subprojects/berkeley-softfloat-3/libsoftfloat.a.p/source_ui64_to_f128.c.o
[2078/2927] Compiling C object subprojects/berkeley-softfloat-3/libsoftfloat.a.p/source_s_mulAddF128.c.o
[2079/2927] Compiling C object subprojects/berkeley-softfloat-3/libsoftfloat.a.p/source_i32_to_f32.c.o
[2080/2927] Compiling C object subprojects/berkeley-softfloat-3/libsoftfloat.a.p/source_i32_to_f16.c.o
[2081/2927] Compiling C object subprojects/berkeley-softfloat-3/libsoftfloat.a.p/source_i32_to_f64.c.o
[2082/2927] Compiling C object subprojects/berkeley-softfloat-3/libsoftfloat.a.p/source_i32_to_extF80.c.o
[2083/2927] Compiling C object subprojects/berkeley-softfloat-3/libsoftfloat.a.p/source_i32_to_extF80M.c.o
[2084/2927] Compiling C object subprojects/berkeley-softfloat-3/libsoftfloat.a.p/source_i32_to_f128M.c.o
[2085/2927] Compiling C object subprojects/berkeley-softfloat-3/libsoftfloat.a.p/source_i32_to_f128.c.o
[2086/2927] Compiling C object subprojects/berkeley-softfloat-3/libsoftfloat.a.p/source_i64_to_f16.c.o
[2087/2927] Compiling C object subprojects/berkeley-softfloat-3/libsoftfloat.a.p/source_i64_to_extF80M.c.o
[2088/2927] Compiling C object subprojects/berkeley-softfloat-3/libsoftfloat.a.p/source_i64_to_f64.c.o
[2089/2927] Compiling C object subprojects/berkeley-softfloat-3/libsoftfloat.a.p/source_i64_to_f32.c.o
[2090/2927] Compiling C object subprojects/berkeley-softfloat-3/libsoftfloat.a.p/source_i64_to_extF80.c.o
[2091/2927] Compiling C object subprojects/berkeley-softfloat-3/libsoftfloat.a.p/source_i64_to_f128M.c.o
[2092/2927] Compiling C object subprojects/berkeley-softfloat-3/libsoftfloat.a.p/source_i64_to_f128.c.o
[2093/2927] Compiling C object subprojects/berkeley-softfloat-3/libsoftfloat.a.p/source_f16_to_ui32.c.o
[2094/2927] Compiling C object subprojects/berkeley-softfloat-3/libsoftfloat.a.p/source_f16_to_i32.c.o
[2095/2927] Compiling C object subprojects/berkeley-softfloat-3/libsoftfloat.a.p/source_f16_to_i64.c.o
[2096/2927] Compiling C object subprojects/berkeley-softfloat-3/libsoftfloat.a.p/source_f16_to_ui64.c.o
[2097/2927] Compiling C object subprojects/berkeley-softfloat-3/libsoftfloat.a.p/source_f16_to_ui32_r_minMag.c.o
[2098/2927] Compiling C object subprojects/berkeley-softfloat-3/libsoftfloat.a.p/source_f16_to_ui64_r_minMag.c.o
[2099/2927] Compiling C object subprojects/berkeley-softfloat-3/libsoftfloat.a.p/source_f16_to_f32.c.o
[2100/2927] Compiling C object subprojects/berkeley-softfloat-3/libsoftfloat.a.p/source_f16_to_i32_r_minMag.c.o
[2101/2927] Compiling C object subprojects/berkeley-softfloat-3/libsoftfloat.a.p/source_f16_to_f64.c.o
[2102/2927] Compiling C object subprojects/berkeley-softfloat-3/libsoftfloat.a.p/source_f16_to_i64_r_minMag.c.o
[2103/2927] Compiling C object subprojects/berkeley-softfloat-3/libsoftfloat.a.p/source_f16_to_extF80M.c.o
[2104/2927] Compiling C object subprojects/berkeley-softfloat-3/libsoftfloat.a.p/source_f16_to_extF80.c.o
[2105/2927] Compiling C object subprojects/berkeley-softfloat-3/libsoftfloat.a.p/source_f16_to_f128M.c.o
[2106/2927] Compiling C object subprojects/berkeley-softfloat-3/libsoftfloat.a.p/source_f16_to_f128.c.o
[2107/2927] Compiling C object subprojects/berkeley-softfloat-3/libsoftfloat.a.p/source_f16_add.c.o
[2108/2927] Compiling C object subprojects/berkeley-softfloat-3/libsoftfloat.a.p/source_f16_sub.c.o
[2109/2927] Compiling C object subprojects/berkeley-softfloat-3/libsoftfloat.a.p/source_f16_mulAdd.c.o
[2110/2927] Compiling C object subprojects/berkeley-softfloat-3/libsoftfloat.a.p/source_f16_roundToInt.c.o
[2111/2927] Compiling C object subprojects/berkeley-softfloat-3/libsoftfloat.a.p/source_f16_mul.c.o
[2112/2927] Compiling C object subprojects/berkeley-softfloat-3/libsoftfloat.a.p/source_f16_div.c.o
[2113/2927] Compiling C object subprojects/berkeley-softfloat-3/libsoftfloat.a.p/source_f16_eq.c.o
[2114/2927] Compiling C object subprojects/berkeley-softfloat-3/libsoftfloat.a.p/source_f16_le.c.o
[2115/2927] Compiling C object subprojects/berkeley-softfloat-3/libsoftfloat.a.p/source_f16_lt.c.o
[2116/2927] Compiling C object subprojects/berkeley-softfloat-3/libsoftfloat.a.p/source_f16_sqrt.c.o
[2117/2927] Compiling C object subprojects/berkeley-softfloat-3/libsoftfloat.a.p/source_f16_rem.c.o
[2118/2927] Compiling C object subprojects/berkeley-softfloat-3/libsoftfloat.a.p/source_f16_isSignalingNaN.c.o
[2119/2927] Compiling C object subprojects/berkeley-softfloat-3/libsoftfloat.a.p/source_f16_eq_signaling.c.o
[2120/2927] Compiling C object subprojects/berkeley-softfloat-3/libsoftfloat.a.p/source_f16_lt_quiet.c.o
[2121/2927] Compiling C object subprojects/berkeley-softfloat-3/libsoftfloat.a.p/source_f16_le_quiet.c.o
[2122/2927] Compiling C object subprojects/berkeley-softfloat-3/libsoftfloat.a.p/source_f32_to_ui64.c.o
[2123/2927] Compiling C object subprojects/berkeley-softfloat-3/libsoftfloat.a.p/source_f32_to_ui32.c.o
[2124/2927] Compiling C object subprojects/berkeley-softfloat-3/libsoftfloat.a.p/source_f32_to_i32.c.o
[2125/2927] Compiling C object subprojects/berkeley-softfloat-3/libsoftfloat.a.p/source_f32_to_i64.c.o
[2126/2927] Compiling C object subprojects/berkeley-softfloat-3/libsoftfloat.a.p/source_f32_to_ui32_r_minMag.c.o
[2127/2927] Compiling C object subprojects/berkeley-softfloat-3/libsoftfloat.a.p/source_f32_to_ui64_r_minMag.c.o
[2128/2927] Compiling C object subprojects/berkeley-softfloat-3/libsoftfloat.a.p/source_f32_to_i32_r_minMag.c.o
[2129/2927] Compiling C object subprojects/berkeley-softfloat-3/libsoftfloat.a.p/source_f32_to_i64_r_minMag.c.o
[2130/2927] Compiling C object subprojects/berkeley-softfloat-3/libsoftfloat.a.p/source_f32_to_extF80M.c.o
[2131/2927] Compiling C object subprojects/berkeley-softfloat-3/libsoftfloat.a.p/source_f32_to_extF80.c.o
[2132/2927] Compiling C object subprojects/berkeley-softfloat-3/libsoftfloat.a.p/source_f32_to_f64.c.o
[2133/2927] Compiling C object subprojects/berkeley-softfloat-3/libsoftfloat.a.p/source_f32_to_f128.c.o
[2134/2927] Compiling C object subprojects/berkeley-softfloat-3/libsoftfloat.a.p/source_f32_to_f16.c.o
[2135/2927] Compiling C object subprojects/berkeley-softfloat-3/libsoftfloat.a.p/source_f32_add.c.o
[2136/2927] Compiling C object subprojects/berkeley-softfloat-3/libsoftfloat.a.p/source_f32_to_f128M.c.o
[2137/2927] Compiling C object subprojects/berkeley-softfloat-3/libsoftfloat.a.p/source_f32_sub.c.o
[2138/2927] Compiling C object subprojects/berkeley-softfloat-3/libsoftfloat.a.p/source_f32_mulAdd.c.o
[2139/2927] Compiling C object subprojects/berkeley-softfloat-3/libsoftfloat.a.p/source_f32_mul.c.o
[2140/2927] Compiling C object subprojects/berkeley-softfloat-3/libsoftfloat.a.p/source_f32_div.c.o
[2141/2927] Compiling C object tests/libtestqapi.a.p/meson-generated_.._test-qapi-visit.c.o
[2142/2927] Compiling C object subprojects/berkeley-softfloat-3/libsoftfloat.a.p/source_f32_roundToInt.c.o
[2143/2927] Linking static target tests/libtestqapi.a
[2144/2927] Compiling C object subprojects/berkeley-softfloat-3/libsoftfloat.a.p/source_f32_eq.c.o
[2145/2927] Compiling C object subprojects/berkeley-softfloat-3/libsoftfloat.a.p/source_f32_sqrt.c.o
[2146/2927] Compiling C object subprojects/berkeley-softfloat-3/libsoftfloat.a.p/source_f32_lt.c.o
[2147/2927] Compiling C object subprojects/berkeley-softfloat-3/libsoftfloat.a.p/source_f32_rem.c.o
[2148/2927] Compiling C object subprojects/berkeley-softfloat-3/libsoftfloat.a.p/source_f32_eq_signaling.c.o
[2149/2927] Compiling C object subprojects/berkeley-softfloat-3/libsoftfloat.a.p/source_f32_le.c.o
[2150/2927] Compiling C object subprojects/berkeley-softfloat-3/libsoftfloat.a.p/source_f32_le_quiet.c.o
[2151/2927] Compiling C object subprojects/berkeley-softfloat-3/libsoftfloat.a.p/source_f32_lt_quiet.c.o
[2152/2927] Compiling C object subprojects/berkeley-softfloat-3/libsoftfloat.a.p/source_f32_isSignalingNaN.c.o
[2153/2927] Compiling C object subprojects/berkeley-softfloat-3/libsoftfloat.a.p/source_f64_to_i32.c.o
[2154/2927] Compiling C object subprojects/berkeley-softfloat-3/libsoftfloat.a.p/source_f64_to_ui32.c.o
[2155/2927] Compiling C object subprojects/berkeley-softfloat-3/libsoftfloat.a.p/source_f64_to_ui32_r_minMag.c.o
[2156/2927] Compiling C object subprojects/berkeley-softfloat-3/libsoftfloat.a.p/source_f64_to_ui64.c.o
[2157/2927] Compiling C object subprojects/berkeley-softfloat-3/libsoftfloat.a.p/source_f64_to_i64.c.o
[2158/2927] Compiling C object subprojects/berkeley-softfloat-3/libsoftfloat.a.p/source_f64_to_ui64_r_minMag.c.o
[2159/2927] Compiling C object subprojects/berkeley-softfloat-3/libsoftfloat.a.p/source_f64_to_i32_r_minMag.c.o
[2160/2927] Compiling C object subprojects/berkeley-softfloat-3/libsoftfloat.a.p/source_f64_to_i64_r_minMag.c.o
[2161/2927] Compiling C object subprojects/berkeley-softfloat-3/libsoftfloat.a.p/source_f64_to_f16.c.o
[2162/2927] Compiling C object subprojects/berkeley-softfloat-3/libsoftfloat.a.p/source_f64_to_extF80M.c.o
[2163/2927] Compiling C object subprojects/berkeley-softfloat-3/libsoftfloat.a.p/source_f64_to_f32.c.o
[2164/2927] Compiling C object subprojects/berkeley-softfloat-3/libsoftfloat.a.p/source_f64_to_f128M.c.o
[2165/2927] Compiling C object subprojects/berkeley-softfloat-3/libsoftfloat.a.p/source_f64_to_extF80.c.o
[2166/2927] Compiling C object subprojects/berkeley-softfloat-3/libsoftfloat.a.p/source_f64_to_f128.c.o
[2167/2927] Compiling C object subprojects/berkeley-softfloat-3/libsoftfloat.a.p/source_f64_add.c.o
[2168/2927] Compiling C object subprojects/berkeley-softfloat-3/libsoftfloat.a.p/source_f64_sub.c.o
[2169/2927] Compiling C object subprojects/berkeley-softfloat-3/libsoftfloat.a.p/source_f64_roundToInt.c.o
[2170/2927] Compiling C object subprojects/berkeley-softfloat-3/libsoftfloat.a.p/source_f64_mul.c.o
[2171/2927] Compiling C object subprojects/berkeley-softfloat-3/libsoftfloat.a.p/source_f64_mulAdd.c.o
[2172/2927] Compiling C object subprojects/berkeley-softfloat-3/libsoftfloat.a.p/source_f64_sqrt.c.o
[2173/2927] Compiling C object subprojects/berkeley-softfloat-3/libsoftfloat.a.p/source_f64_eq.c.o
[2174/2927] Compiling C object subprojects/berkeley-softfloat-3/libsoftfloat.a.p/source_f64_div.c.o
[2175/2927] Compiling C object subprojects/berkeley-softfloat-3/libsoftfloat.a.p/source_f64_le.c.o
[2176/2927] Compiling C object subprojects/berkeley-softfloat-3/libsoftfloat.a.p/source_f64_lt.c.o
[2177/2927] Compiling C object subprojects/berkeley-softfloat-3/libsoftfloat.a.p/source_f64_eq_signaling.c.o
[2178/2927] Compiling C object subprojects/berkeley-softfloat-3/libsoftfloat.a.p/source_f64_rem.c.o
[2179/2927] Compiling C object subprojects/berkeley-softfloat-3/libsoftfloat.a.p/source_f64_le_quiet.c.o
[2180/2927] Compiling C object subprojects/berkeley-softfloat-3/libsoftfloat.a.p/source_f64_isSignalingNaN.c.o
[2181/2927] Compiling C object subprojects/berkeley-softfloat-3/libsoftfloat.a.p/source_extF80_to_ui32.c.o
[2182/2927] Compiling C object subprojects/berkeley-softfloat-3/libsoftfloat.a.p/source_extF80_to_ui64.c.o
[2183/2927] Compiling C object subprojects/berkeley-softfloat-3/libsoftfloat.a.p/source_f64_lt_quiet.c.o
[2184/2927] Compiling C object subprojects/berkeley-softfloat-3/libsoftfloat.a.p/source_extF80_to_i32.c.o
[2185/2927] Compiling C object subprojects/berkeley-softfloat-3/libsoftfloat.a.p/source_extF80_to_ui32_r_minMag.c.o
[2186/2927] Compiling C object subprojects/berkeley-softfloat-3/libsoftfloat.a.p/source_extF80_to_i64.c.o
[2187/2927] Compiling C object subprojects/berkeley-softfloat-3/libsoftfloat.a.p/source_extF80_to_ui64_r_minMag.c.o
[2188/2927] Compiling C object subprojects/berkeley-softfloat-3/libsoftfloat.a.p/source_extF80_to_i32_r_minMag.c.o
[2189/2927] Compiling C object subprojects/berkeley-softfloat-3/libsoftfloat.a.p/source_extF80_to_f16.c.o
[2190/2927] Compiling C object subprojects/berkeley-softfloat-3/libsoftfloat.a.p/source_extF80_to_i64_r_minMag.c.o
[2191/2927] Compiling C object subprojects/berkeley-softfloat-3/libsoftfloat.a.p/source_extF80_to_f32.c.o
[2192/2927] Compiling C object subprojects/berkeley-softfloat-3/libsoftfloat.a.p/source_extF80_to_f64.c.o
[2193/2927] Compiling C object subprojects/berkeley-softfloat-3/libsoftfloat.a.p/source_extF80_to_f128.c.o
[2194/2927] Compiling C object subprojects/berkeley-softfloat-3/libsoftfloat.a.p/source_extF80_add.c.o
[2195/2927] Compiling C object subprojects/berkeley-softfloat-3/libsoftfloat.a.p/source_extF80_sub.c.o
[2196/2927] Compiling C object subprojects/berkeley-softfloat-3/libsoftfloat.a.p/source_extF80_roundToInt.c.o
[2197/2927] Compiling C object subprojects/berkeley-softfloat-3/libsoftfloat.a.p/source_extF80_mul.c.o
[2198/2927] Compiling C object subprojects/berkeley-softfloat-3/libsoftfloat.a.p/source_extF80_eq.c.o
[2199/2927] Compiling C object subprojects/berkeley-softfloat-3/libsoftfloat.a.p/source_extF80_le.c.o
[2200/2927] Compiling C object subprojects/berkeley-softfloat-3/libsoftfloat.a.p/source_extF80_lt.c.o
[2201/2927] Compiling C object subprojects/berkeley-softfloat-3/libsoftfloat.a.p/source_extF80_div.c.o
[2202/2927] Compiling C object subprojects/berkeley-softfloat-3/libsoftfloat.a.p/source_extF80_eq_signaling.c.o
[2203/2927] Compiling C object subprojects/berkeley-softfloat-3/libsoftfloat.a.p/source_extF80_isSignalingNaN.c.o
[2204/2927] Compiling C object subprojects/berkeley-softfloat-3/libsoftfloat.a.p/source_extF80_sqrt.c.o
[2205/2927] Compiling C object subprojects/berkeley-softfloat-3/libsoftfloat.a.p/source_extF80_le_quiet.c.o
[2206/2927] Compiling C object subprojects/berkeley-softfloat-3/libsoftfloat.a.p/source_extF80_rem.c.o
[2207/2927] Compiling C object subprojects/berkeley-softfloat-3/libsoftfloat.a.p/source_extF80_lt_quiet.c.o
[2208/2927] Compiling C object subprojects/berkeley-softfloat-3/libsoftfloat.a.p/source_extF80M_to_ui64.c.o
[2209/2927] Compiling C object subprojects/berkeley-softfloat-3/libsoftfloat.a.p/source_extF80M_to_ui32.c.o
[2210/2927] Compiling C object subprojects/berkeley-softfloat-3/libsoftfloat.a.p/source_extF80M_to_i32.c.o
[2211/2927] Compiling C object subprojects/berkeley-softfloat-3/libsoftfloat.a.p/source_extF80M_to_ui32_r_minMag.c.o
[2212/2927] Compiling C object subprojects/berkeley-softfloat-3/libsoftfloat.a.p/source_extF80M_to_i64.c.o
[2213/2927] Compiling C object subprojects/berkeley-softfloat-3/libsoftfloat.a.p/source_extF80M_to_i32_r_minMag.c.o
[2214/2927] Compiling C object subprojects/berkeley-softfloat-3/libsoftfloat.a.p/source_extF80M_to_ui64_r_minMag.c.o
[2215/2927] Compiling C object subprojects/berkeley-softfloat-3/libsoftfloat.a.p/source_extF80M_to_f16.c.o
[2216/2927] Compiling C object subprojects/berkeley-softfloat-3/libsoftfloat.a.p/source_extF80M_to_i64_r_minMag.c.o
[2217/2927] Compiling C object subprojects/berkeley-softfloat-3/libsoftfloat.a.p/source_extF80M_to_f32.c.o
[2218/2927] Compiling C object subprojects/berkeley-softfloat-3/libsoftfloat.a.p/source_extF80M_to_f64.c.o
[2219/2927] Compiling C object subprojects/berkeley-softfloat-3/libsoftfloat.a.p/source_extF80M_add.c.o
[2220/2927] Compiling C object subprojects/berkeley-softfloat-3/libsoftfloat.a.p/source_extF80M_to_f128M.c.o
[2221/2927] Compiling C object subprojects/berkeley-softfloat-3/libsoftfloat.a.p/source_extF80M_roundToInt.c.o
[2222/2927] Compiling C object subprojects/berkeley-softfloat-3/libsoftfloat.a.p/source_extF80M_sub.c.o
[2223/2927] Compiling C object subprojects/berkeley-softfloat-3/libsoftfloat.a.p/source_extF80M_mul.c.o
[2224/2927] Compiling C object subprojects/berkeley-softfloat-3/libsoftfloat.a.p/source_extF80M_rem.c.o
[2225/2927] Compiling C object subprojects/berkeley-softfloat-3/libsoftfloat.a.p/source_extF80M_sqrt.c.o
[2226/2927] Compiling C object subprojects/berkeley-softfloat-3/libsoftfloat.a.p/source_extF80M_div.c.o
[2227/2927] Compiling C object subprojects/berkeley-softfloat-3/libsoftfloat.a.p/source_extF80M_le.c.o
[2228/2927] Compiling C object subprojects/berkeley-softfloat-3/libsoftfloat.a.p/source_extF80M_lt.c.o
[2229/2927] Compiling C object subprojects/berkeley-softfloat-3/libsoftfloat.a.p/source_extF80M_eq_signaling.c.o
[2230/2927] Compiling C object subprojects/berkeley-softfloat-3/libsoftfloat.a.p/source_extF80M_eq.c.o
[2231/2927] Compiling C object subprojects/berkeley-softfloat-3/libsoftfloat.a.p/source_extF80M_le_quiet.c.o
[2232/2927] Compiling C object subprojects/berkeley-softfloat-3/libsoftfloat.a.p/source_extF80M_lt_quiet.c.o
[2233/2927] Compiling C object subprojects/berkeley-softfloat-3/libsoftfloat.a.p/source_f128_to_ui64.c.o
[2234/2927] Compiling C object subprojects/berkeley-softfloat-3/libsoftfloat.a.p/source_f128_to_ui32.c.o
[2235/2927] Compiling C object subprojects/berkeley-softfloat-3/libsoftfloat.a.p/source_f128_to_i32.c.o
[2236/2927] Compiling C object subprojects/berkeley-softfloat-3/libsoftfloat.a.p/source_f128_to_i64.c.o
[2237/2927] Compiling C object subprojects/berkeley-softfloat-3/libsoftfloat.a.p/source_f128_to_ui64_r_minMag.c.o
[2238/2927] Compiling C object subprojects/berkeley-softfloat-3/libsoftfloat.a.p/source_f128_to_i32_r_minMag.c.o
[2239/2927] Compiling C object subprojects/berkeley-softfloat-3/libsoftfloat.a.p/source_f128_to_ui32_r_minMag.c.o
[2240/2927] Compiling C object subprojects/berkeley-softfloat-3/libsoftfloat.a.p/source_f128_to_i64_r_minMag.c.o
[2241/2927] Compiling C object subprojects/berkeley-softfloat-3/libsoftfloat.a.p/source_f128_to_f32.c.o
[2242/2927] Compiling C object subprojects/berkeley-softfloat-3/libsoftfloat.a.p/source_f128_to_f16.c.o
[2243/2927] Compiling C object subprojects/berkeley-softfloat-3/libsoftfloat.a.p/source_f128_add.c.o
[2244/2927] Compiling C object subprojects/berkeley-softfloat-3/libsoftfloat.a.p/source_f128_to_extF80.c.o
[2245/2927] Compiling C object subprojects/berkeley-softfloat-3/libsoftfloat.a.p/source_f128_to_f64.c.o
[2246/2927] Compiling C object subprojects/berkeley-softfloat-3/libsoftfloat.a.p/source_f128_sub.c.o
[2247/2927] Compiling C object subprojects/berkeley-softfloat-3/libsoftfloat.a.p/source_f128_mulAdd.c.o
[2248/2927] Compiling C object subprojects/berkeley-softfloat-3/libsoftfloat.a.p/source_f128_roundToInt.c.o
[2249/2927] Compiling C object subprojects/berkeley-softfloat-3/libsoftfloat.a.p/source_f128_le.c.o
[2250/2927] Compiling C object subprojects/berkeley-softfloat-3/libsoftfloat.a.p/source_f128_mul.c.o
[2251/2927] Compiling C object subprojects/berkeley-softfloat-3/libsoftfloat.a.p/source_f128_eq.c.o
[2252/2927] Compiling C object subprojects/berkeley-softfloat-3/libsoftfloat.a.p/source_f128_lt.c.o
[2253/2927] Compiling C object subprojects/berkeley-softfloat-3/libsoftfloat.a.p/source_f128_isSignalingNaN.c.o
[2254/2927] Compiling C object subprojects/berkeley-softfloat-3/libsoftfloat.a.p/source_f128_eq_signaling.c.o
[2255/2927] Compiling C object subprojects/berkeley-softfloat-3/libsoftfloat.a.p/source_f128_div.c.o
[2256/2927] Compiling C object subprojects/berkeley-softfloat-3/libsoftfloat.a.p/source_f128_le_quiet.c.o
[2257/2927] Compiling C object subprojects/berkeley-softfloat-3/libsoftfloat.a.p/source_f128_rem.c.o
[2258/2927] Compiling C object subprojects/berkeley-softfloat-3/libsoftfloat.a.p/source_f128M_to_ui32.c.o
[2259/2927] Compiling C object subprojects/berkeley-softfloat-3/libsoftfloat.a.p/source_f128_lt_quiet.c.o
[2260/2927] Compiling C object subprojects/berkeley-softfloat-3/libsoftfloat.a.p/source_f128M_to_ui64.c.o
[2261/2927] Compiling C object subprojects/berkeley-softfloat-3/libsoftfloat.a.p/source_f128M_to_i32.c.o
[2262/2927] Compiling C object subprojects/berkeley-softfloat-3/libsoftfloat.a.p/source_f128_sqrt.c.o
[2263/2927] Compiling C object subprojects/berkeley-softfloat-3/libsoftfloat.a.p/source_f128M_to_i64.c.o
[2264/2927] Compiling C object subprojects/berkeley-softfloat-3/libsoftfloat.a.p/source_f128M_to_ui32_r_minMag.c.o
[2265/2927] Compiling C object subprojects/berkeley-softfloat-3/libsoftfloat.a.p/source_f128M_to_ui64_r_minMag.c.o
[2266/2927] Compiling C object subprojects/berkeley-softfloat-3/libsoftfloat.a.p/source_f128M_to_i64_r_minMag.c.o
[2267/2927] Compiling C object subprojects/berkeley-softfloat-3/libsoftfloat.a.p/source_f128M_to_f32.c.o
[2268/2927] Compiling C object subprojects/berkeley-softfloat-3/libsoftfloat.a.p/source_f128M_to_i32_r_minMag.c.o
[2269/2927] Compiling C object subprojects/berkeley-softfloat-3/libsoftfloat.a.p/source_f128M_to_extF80M.c.o
[2270/2927] Compiling C object subprojects/berkeley-softfloat-3/libsoftfloat.a.p/source_f128M_to_f64.c.o
[2271/2927] Compiling C object subprojects/berkeley-softfloat-3/libsoftfloat.a.p/source_f128M_to_f16.c.o
[2272/2927] Compiling C object subprojects/berkeley-softfloat-3/libsoftfloat.a.p/source_f128M_roundToInt.c.o
[2273/2927] Compiling C object subprojects/berkeley-softfloat-3/libsoftfloat.a.p/source_f128M_mul.c.o
[2274/2927] Compiling C object subprojects/berkeley-softfloat-3/libsoftfloat.a.p/source_f128M_add.c.o
[2275/2927] Compiling C object subprojects/berkeley-softfloat-3/libsoftfloat.a.p/source_f128M_sub.c.o
[2276/2927] Compiling C object subprojects/berkeley-softfloat-3/libsoftfloat.a.p/source_f128M_div.c.o
[2277/2927] Compiling C object subprojects/berkeley-softfloat-3/libsoftfloat.a.p/source_f128M_mulAdd.c.o
[2278/2927] Compiling C object subprojects/berkeley-softfloat-3/libsoftfloat.a.p/source_f128M_sqrt.c.o
[2279/2927] Compiling C object subprojects/berkeley-softfloat-3/libsoftfloat.a.p/source_f128M_eq.c.o
[2280/2927] Compiling C object subprojects/berkeley-softfloat-3/libsoftfloat.a.p/source_f128M_rem.c.o
[2281/2927] Compiling C object subprojects/berkeley-softfloat-3/libsoftfloat.a.p/source_f128M_eq_signaling.c.o
[2282/2927] Compiling C object subprojects/berkeley-softfloat-3/libsoftfloat.a.p/source_f128M_lt.c.o
[2283/2927] Compiling C object subprojects/berkeley-softfloat-3/libsoftfloat.a.p/source_f128M_le.c.o
[2284/2927] Compiling C object subprojects/berkeley-softfloat-3/libsoftfloat.a.p/source_f128M_le_quiet.c.o
[2285/2927] Compiling C object subprojects/berkeley-softfloat-3/libsoftfloat.a.p/source_8086-SSE_softfloat_raiseFlags.c.o
[2286/2927] Compiling C object subprojects/berkeley-softfloat-3/libsoftfloat.a.p/source_f128M_lt_quiet.c.o
[2287/2927] Compiling C object subprojects/berkeley-softfloat-3/libsoftfloat.a.p/source_8086-SSE_s_commonNaNToF16UI.c.o
[2288/2927] Compiling C object subprojects/berkeley-softfloat-3/libsoftfloat.a.p/source_8086-SSE_s_f16UIToCommonNaN.c.o
[2289/2927] Compiling C object subprojects/berkeley-softfloat-3/libsoftfloat.a.p/source_8086-SSE_s_commonNaNToF32UI.c.o
[2290/2927] Compiling C object subprojects/berkeley-softfloat-3/libsoftfloat.a.p/source_8086-SSE_s_f32UIToCommonNaN.c.o
[2291/2927] Compiling C object subprojects/berkeley-softfloat-3/libsoftfloat.a.p/source_8086-SSE_s_commonNaNToF64UI.c.o
[2292/2927] Compiling C object subprojects/berkeley-softfloat-3/libsoftfloat.a.p/source_8086-SSE_s_propagateNaNF32UI.c.o
[2293/2927] Compiling C object subprojects/berkeley-softfloat-3/libsoftfloat.a.p/source_8086-SSE_s_propagateNaNF16UI.c.o
[2294/2927] Compiling C object subprojects/berkeley-softfloat-3/libsoftfloat.a.p/source_8086-SSE_s_f64UIToCommonNaN.c.o
[2295/2927] Compiling C object subprojects/berkeley-softfloat-3/libsoftfloat.a.p/source_8086-SSE_extF80M_isSignalingNaN.c.o
[2296/2927] Compiling C object subprojects/berkeley-softfloat-3/libsoftfloat.a.p/source_8086-SSE_s_propagateNaNF64UI.c.o
[2297/2927] Compiling C object subprojects/berkeley-softfloat-3/libsoftfloat.a.p/source_8086-SSE_s_extF80UIToCommonNaN.c.o
[2298/2927] Compiling C object subprojects/berkeley-softfloat-3/libsoftfloat.a.p/source_8086-SSE_s_commonNaNToExtF80UI.c.o
[2299/2927] Compiling C object subprojects/berkeley-softfloat-3/libsoftfloat.a.p/source_8086-SSE_f128M_isSignalingNaN.c.o
[2300/2927] Compiling C object subprojects/berkeley-softfloat-3/libsoftfloat.a.p/source_8086-SSE_s_f128UIToCommonNaN.c.o
[2301/2927] Compiling C object subprojects/berkeley-softfloat-3/libsoftfloat.a.p/source_8086-SSE_s_commonNaNToF128UI.c.o
[2302/2927] Compiling C object subprojects/berkeley-softfloat-3/libsoftfloat.a.p/source_8086-SSE_s_propagateNaNExtF80UI.c.o
[2303/2927] Compiling C object subprojects/berkeley-testfloat-3/libtestfloat.a.p/source_uint128_inline.c.o
[2304/2927] Compiling C object subprojects/berkeley-testfloat-3/libtestfloat.a.p/source_functions_common.c.o
[2305/2927] Compiling C object subprojects/berkeley-softfloat-3/libsoftfloat.a.p/source_8086-SSE_s_propagateNaNF128UI.c.o
[2306/2927] Compiling C object subprojects/berkeley-testfloat-3/libtestfloat.a.p/source_functionInfos.c.o
[2307/2927] Compiling C object subprojects/berkeley-testfloat-3/libtestfloat.a.p/source_uint128.c.o
[2308/2927] Compiling C object subprojects/berkeley-testfloat-3/libtestfloat.a.p/source_standardFunctionInfos.c.o
[2309/2927] Compiling C object subprojects/berkeley-testfloat-3/libtestfloat.a.p/source_fail.c.o
[2310/2927] Compiling C object subprojects/berkeley-testfloat-3/libtestfloat.a.p/source_genCases_common.c.o
[2311/2927] Compiling C object subprojects/berkeley-testfloat-3/libtestfloat.a.p/source_genCases_ui32.c.o
[2312/2927] Compiling C object subprojects/berkeley-testfloat-3/libtestfloat.a.p/source_genCases_ui64.c.o
[2313/2927] Compiling C object subprojects/berkeley-testfloat-3/libtestfloat.a.p/source_genCases_i32.c.o
[2314/2927] Compiling C object subprojects/berkeley-testfloat-3/libtestfloat.a.p/source_genCases_i64.c.o
[2315/2927] Linking static target subprojects/berkeley-softfloat-3/libsoftfloat.a
[2316/2927] Compiling C object subprojects/berkeley-testfloat-3/libtestfloat.a.p/source_random.c.o
[2317/2927] Compiling C object subprojects/berkeley-testfloat-3/libtestfloat.a.p/source_verCases_inline.c.o
[2318/2927] Compiling C object subprojects/berkeley-testfloat-3/libtestfloat.a.p/source_genCases_writeTestsTotal.c.o
[2319/2927] Compiling C object subprojects/berkeley-testfloat-3/libtestfloat.a.p/source_genCases_f16.c.o
[2320/2927] Compiling C object subprojects/berkeley-testfloat-3/libtestfloat.a.p/source_genCases_f32.c.o
[2321/2927] Compiling C object subprojects/berkeley-testfloat-3/libtestfloat.a.p/source_genCases_extF80.c.o
[2322/2927] Compiling C object subprojects/berkeley-testfloat-3/libtestfloat.a.p/source_genCases_f64.c.o
[2323/2927] Compiling C object subprojects/berkeley-testfloat-3/libtestfloat.a.p/source_verCases_common.c.o
[2324/2927] Compiling C object subprojects/berkeley-testfloat-3/libtestfloat.a.p/source_writeCase_a_ui32.c.o
[2325/2927] Compiling C object subprojects/berkeley-testfloat-3/libtestfloat.a.p/source_verCases_writeFunctionName.c.o
[2326/2927] Compiling C object subprojects/berkeley-testfloat-3/libtestfloat.a.p/source_writeCase_a_ui64.c.o
[2327/2927] Compiling C object subprojects/berkeley-testfloat-3/libtestfloat.a.p/source_writeCase_a_f16.c.o
[2328/2927] Compiling C object subprojects/berkeley-testfloat-3/libtestfloat.a.p/source_writeCase_ab_f16.c.o
[2329/2927] Compiling C object subprojects/berkeley-testfloat-3/libtestfloat.a.p/source_readHex.c.o
[2330/2927] Compiling C object subprojects/berkeley-testfloat-3/libtestfloat.a.p/source_writeCase_abc_f16.c.o
[2331/2927] Compiling C object subprojects/berkeley-testfloat-3/libtestfloat.a.p/source_writeCase_a_f32.c.o
[2332/2927] Compiling C object subprojects/berkeley-testfloat-3/libtestfloat.a.p/source_writeCase_ab_f32.c.o
[2333/2927] Compiling C object subprojects/berkeley-testfloat-3/libtestfloat.a.p/source_genCases_f128.c.o
[2334/2927] Compiling C object subprojects/berkeley-testfloat-3/libtestfloat.a.p/source_writeCase_abc_f32.c.o
[2335/2927] Compiling C object subprojects/berkeley-testfloat-3/libtestfloat.a.p/source_writeCase_ab_f64.c.o
[2336/2927] Compiling C object subprojects/berkeley-testfloat-3/libtestfloat.a.p/source_writeCase_a_f64.c.o
[2337/2927] Compiling C object subprojects/berkeley-testfloat-3/libtestfloat.a.p/source_writeHex.c.o
[2338/2927] Compiling C object subprojects/berkeley-testfloat-3/libtestfloat.a.p/source_writeCase_a_extF80M.c.o
[2339/2927] Compiling C object subprojects/berkeley-testfloat-3/libtestfloat.a.p/source_writeCase_ab_extF80M.c.o
[2340/2927] Compiling C object subprojects/berkeley-testfloat-3/libtestfloat.a.p/source_writeCase_abc_f64.c.o
[2341/2927] Compiling C object subprojects/berkeley-testfloat-3/libtestfloat.a.p/source_writeCase_ab_f128M.c.o
[2342/2927] Compiling C object subprojects/berkeley-testfloat-3/libtestfloat.a.p/source_writeCase_a_f128M.c.o
[2343/2927] Compiling C object subprojects/berkeley-testfloat-3/libtestfloat.a.p/source_writeCase_z_bool.c.o
[2344/2927] Compiling C object subprojects/berkeley-testfloat-3/libtestfloat.a.p/source_writeCase_abc_f128M.c.o
[2345/2927] Compiling C object subprojects/berkeley-testfloat-3/libtestfloat.a.p/source_writeCase_z_ui32.c.o
[2346/2927] Compiling C object subprojects/berkeley-testfloat-3/libtestfloat.a.p/source_writeCase_z_ui64.c.o
[2347/2927] Compiling C object subprojects/berkeley-testfloat-3/libtestfloat.a.p/source_writeCase_z_f16.c.o
[2348/2927] Compiling C object subprojects/berkeley-testfloat-3/libtestfloat.a.p/source_writeCase_z_f32.c.o
[2349/2927] Compiling C object subprojects/berkeley-testfloat-3/libtestfloat.a.p/source_writeCase_z_extF80M.c.o
[2350/2927] Compiling C object subprojects/berkeley-testfloat-3/libtestfloat.a.p/source_writeCase_z_f64.c.o
[2351/2927] Compiling C object subprojects/berkeley-testfloat-3/libtestfloat.a.p/source_writeCase_z_f128M.c.o
[2352/2927] Compiling C object subprojects/berkeley-testfloat-3/libtestfloat.a.p/source_testLoops_common.c.o
[2353/2927] Compiling C object subprojects/berkeley-testfloat-3/libtestfloat.a.p/source_test_a_ui32_z_f16.c.o
[2354/2927] Compiling C object subprojects/berkeley-testfloat-3/libtestfloat.a.p/source_test_a_ui32_z_f32.c.o
[2355/2927] Compiling C object subprojects/berkeley-testfloat-3/libtestfloat.a.p/source_test_a_ui32_z_f64.c.o
[2356/2927] Compiling C object subprojects/berkeley-testfloat-3/libtestfloat.a.p/source_test_a_ui64_z_f16.c.o
[2357/2927] Compiling C object subprojects/berkeley-testfloat-3/libtestfloat.a.p/source_test_a_ui64_z_f32.c.o
[2358/2927] Compiling C object subprojects/berkeley-testfloat-3/libtestfloat.a.p/source_test_a_ui32_z_f128.c.o
[2359/2927] Compiling C object subprojects/berkeley-testfloat-3/libtestfloat.a.p/source_test_a_ui32_z_extF80.c.o
[2360/2927] Compiling C object subprojects/berkeley-testfloat-3/libtestfloat.a.p/source_test_a_ui64_z_f64.c.o
[2361/2927] Compiling C object subprojects/berkeley-testfloat-3/libtestfloat.a.p/source_test_a_ui64_z_extF80.c.o
[2362/2927] Compiling C object subprojects/berkeley-testfloat-3/libtestfloat.a.p/source_test_a_ui64_z_f128.c.o
[2363/2927] Compiling C object subprojects/berkeley-testfloat-3/libtestfloat.a.p/source_test_a_i32_z_f16.c.o
[2364/2927] Compiling C object subprojects/berkeley-testfloat-3/libtestfloat.a.p/source_test_a_i32_z_f32.c.o
[2365/2927] Compiling C object subprojects/berkeley-testfloat-3/libtestfloat.a.p/source_test_a_i32_z_extF80.c.o
[2366/2927] Compiling C object subprojects/berkeley-testfloat-3/libtestfloat.a.p/source_test_a_i32_z_f128.c.o
[2367/2927] Compiling C object subprojects/berkeley-testfloat-3/libtestfloat.a.p/source_test_a_i32_z_f64.c.o
[2368/2927] Compiling C object subprojects/berkeley-testfloat-3/libtestfloat.a.p/source_test_a_i64_z_f16.c.o
[2369/2927] Compiling C object subprojects/berkeley-testfloat-3/libtestfloat.a.p/source_test_a_i64_z_f32.c.o
[2370/2927] Compiling C object subprojects/berkeley-testfloat-3/libtestfloat.a.p/source_test_a_i64_z_f64.c.o
[2371/2927] Compiling C object subprojects/berkeley-testfloat-3/libtestfloat.a.p/source_test_a_i64_z_extF80.c.o
[2372/2927] Compiling C object subprojects/berkeley-testfloat-3/libtestfloat.a.p/source_test_a_i64_z_f128.c.o
[2373/2927] Compiling C object subprojects/berkeley-testfloat-3/libtestfloat.a.p/source_test_a_f16_z_ui64_rx.c.o
[2374/2927] Compiling C object subprojects/berkeley-testfloat-3/libtestfloat.a.p/source_test_a_f16_z_ui32_rx.c.o
[2375/2927] Compiling C object subprojects/berkeley-testfloat-3/libtestfloat.a.p/source_test_a_f16_z_i32_rx.c.o
[2376/2927] Compiling C object subprojects/berkeley-testfloat-3/libtestfloat.a.p/source_test_a_f16_z_i64_rx.c.o
[2377/2927] Compiling C object subprojects/berkeley-testfloat-3/libtestfloat.a.p/source_test_a_f16_z_ui64_x.c.o
[2378/2927] Compiling C object subprojects/berkeley-testfloat-3/libtestfloat.a.p/source_test_a_f16_z_i32_x.c.o
[2379/2927] Compiling C object subprojects/berkeley-testfloat-3/libtestfloat.a.p/source_test_a_f16_z_ui32_x.c.o
[2380/2927] Compiling C object subprojects/berkeley-testfloat-3/libtestfloat.a.p/source_test_a_f16_z_i64_x.c.o
[2381/2927] Compiling C object subprojects/berkeley-testfloat-3/libtestfloat.a.p/source_test_a_f16_z_f32.c.o
[2382/2927] Compiling C object subprojects/berkeley-testfloat-3/libtestfloat.a.p/source_test_a_f16_z_f64.c.o
[2383/2927] Compiling C object subprojects/berkeley-testfloat-3/libtestfloat.a.p/source_test_a_f16_z_extF80.c.o
[2384/2927] Compiling C object subprojects/berkeley-testfloat-3/libtestfloat.a.p/source_test_a_f16_z_f128.c.o
[2385/2927] Compiling C object subprojects/berkeley-testfloat-3/libtestfloat.a.p/source_test_ab_f16_z_bool.c.o
[2386/2927] Compiling C object subprojects/berkeley-testfloat-3/libtestfloat.a.p/source_test_az_f16_rx.c.o
[2387/2927] Compiling C object subprojects/berkeley-testfloat-3/libtestfloat.a.p/source_test_abcz_f16.c.o
[2388/2927] Compiling C object subprojects/berkeley-testfloat-3/libtestfloat.a.p/source_test_a_f32_z_ui32_rx.c.o
[2389/2927] Compiling C object subprojects/berkeley-testfloat-3/libtestfloat.a.p/source_test_abz_f16.c.o
[2390/2927] Compiling C object subprojects/berkeley-testfloat-3/libtestfloat.a.p/source_test_az_f16.c.o
[2391/2927] Compiling C object subprojects/berkeley-testfloat-3/libtestfloat.a.p/source_test_a_f32_z_ui64_rx.c.o
[2392/2927] Compiling C object subprojects/berkeley-testfloat-3/libtestfloat.a.p/source_test_a_f32_z_i32_rx.c.o
[2393/2927] Compiling C object subprojects/berkeley-testfloat-3/libtestfloat.a.p/source_test_a_f32_z_i64_rx.c.o
[2394/2927] Compiling C object subprojects/berkeley-testfloat-3/libtestfloat.a.p/source_test_a_f32_z_ui64_x.c.o
[2395/2927] Compiling C object subprojects/berkeley-testfloat-3/libtestfloat.a.p/source_test_a_f32_z_i32_x.c.o
[2396/2927] Compiling C object subprojects/berkeley-testfloat-3/libtestfloat.a.p/source_test_a_f32_z_i64_x.c.o
[2397/2927] Compiling C object subprojects/berkeley-testfloat-3/libtestfloat.a.p/source_test_a_f32_z_ui32_x.c.o
[2398/2927] Compiling C object subprojects/berkeley-testfloat-3/libtestfloat.a.p/source_test_a_f32_z_f16.c.o
[2399/2927] Compiling C object subprojects/berkeley-testfloat-3/libtestfloat.a.p/source_test_a_f32_z_f64.c.o
[2400/2927] Compiling C object subprojects/berkeley-testfloat-3/libtestfloat.a.p/source_test_az_f32.c.o
[2401/2927] Compiling C object subprojects/berkeley-testfloat-3/libtestfloat.a.p/source_test_az_f32_rx.c.o
[2402/2927] Compiling C object subprojects/berkeley-testfloat-3/libtestfloat.a.p/source_test_abz_f32.c.o
[2403/2927] Compiling C object subprojects/berkeley-testfloat-3/libtestfloat.a.p/source_test_abcz_f32.c.o
[2404/2927] Compiling C object subprojects/berkeley-testfloat-3/libtestfloat.a.p/source_test_a_f32_z_f128.c.o
[2405/2927] Compiling C object subprojects/berkeley-testfloat-3/libtestfloat.a.p/source_test_a_f32_z_extF80.c.o
[2406/2927] Compiling C object subprojects/berkeley-testfloat-3/libtestfloat.a.p/source_test_ab_f32_z_bool.c.o
[2407/2927] Compiling C object subprojects/berkeley-testfloat-3/libtestfloat.a.p/source_test_a_f64_z_ui32_rx.c.o
[2408/2927] Compiling C object subprojects/berkeley-testfloat-3/libtestfloat.a.p/source_test_a_f64_z_ui64_rx.c.o
[2409/2927] Compiling C object subprojects/berkeley-testfloat-3/libtestfloat.a.p/source_test_a_f64_z_i32_rx.c.o
[2410/2927] Compiling C object subprojects/berkeley-testfloat-3/libtestfloat.a.p/source_test_a_f64_z_ui32_x.c.o
[2411/2927] Compiling C object subprojects/berkeley-testfloat-3/libtestfloat.a.p/source_test_a_f64_z_ui64_x.c.o
[2412/2927] Compiling C object subprojects/berkeley-testfloat-3/libtestfloat.a.p/source_test_a_f64_z_i32_x.c.o
[2413/2927] Compiling C object subprojects/berkeley-testfloat-3/libtestfloat.a.p/source_test_a_f64_z_i64_x.c.o
[2414/2927] Compiling C object subprojects/berkeley-testfloat-3/libtestfloat.a.p/source_test_a_f64_z_i64_rx.c.o
[2415/2927] Compiling C object subprojects/berkeley-testfloat-3/libtestfloat.a.p/source_test_a_f64_z_f16.c.o
[2416/2927] Compiling C object subprojects/berkeley-testfloat-3/libtestfloat.a.p/source_test_a_f64_z_f32.c.o
[2417/2927] Compiling C object subprojects/berkeley-testfloat-3/libtestfloat.a.p/source_test_az_f64.c.o
[2418/2927] Compiling C object subprojects/berkeley-testfloat-3/libtestfloat.a.p/source_test_a_f64_z_f128.c.o
[2419/2927] Compiling C object subprojects/berkeley-testfloat-3/libtestfloat.a.p/source_test_a_f64_z_extF80.c.o
[2420/2927] Compiling C object subprojects/berkeley-testfloat-3/libtestfloat.a.p/source_test_az_f64_rx.c.o
[2421/2927] Compiling C object subprojects/berkeley-testfloat-3/libtestfloat.a.p/source_test_abz_f64.c.o
[2422/2927] Compiling C object subprojects/berkeley-testfloat-3/libtestfloat.a.p/source_test_abcz_f64.c.o
[2423/2927] Compiling C object subprojects/berkeley-testfloat-3/libtestfloat.a.p/source_test_a_extF80_z_ui32_rx.c.o
[2424/2927] Compiling C object subprojects/berkeley-testfloat-3/libtestfloat.a.p/source_test_ab_f64_z_bool.c.o
[2425/2927] Compiling C object subprojects/berkeley-testfloat-3/libtestfloat.a.p/source_test_a_extF80_z_ui64_rx.c.o
[2426/2927] Compiling C object subprojects/berkeley-testfloat-3/libtestfloat.a.p/source_test_a_extF80_z_i32_rx.c.o
[2427/2927] Compiling C object subprojects/berkeley-testfloat-3/libtestfloat.a.p/source_test_a_extF80_z_ui32_x.c.o
[2428/2927] Compiling C object subprojects/berkeley-testfloat-3/libtestfloat.a.p/source_test_a_extF80_z_ui64_x.c.o
[2429/2927] Compiling C object subprojects/berkeley-testfloat-3/libtestfloat.a.p/source_test_a_extF80_z_i64_rx.c.o
[2430/2927] Compiling C object subprojects/berkeley-testfloat-3/libtestfloat.a.p/source_test_a_extF80_z_i32_x.c.o
[2431/2927] Compiling C object subprojects/berkeley-testfloat-3/libtestfloat.a.p/source_test_a_extF80_z_i64_x.c.o
[2432/2927] Compiling C object subprojects/berkeley-testfloat-3/libtestfloat.a.p/source_test_a_extF80_z_f16.c.o
[2433/2927] Compiling C object subprojects/berkeley-testfloat-3/libtestfloat.a.p/source_test_a_extF80_z_f32.c.o
[2434/2927] Compiling C object subprojects/berkeley-testfloat-3/libtestfloat.a.p/source_test_a_extF80_z_f64.c.o
[2435/2927] Compiling C object subprojects/berkeley-testfloat-3/libtestfloat.a.p/source_test_a_extF80_z_f128.c.o
[2436/2927] Compiling C object subprojects/berkeley-testfloat-3/libtestfloat.a.p/source_test_az_extF80.c.o
[2437/2927] Compiling C object subprojects/berkeley-testfloat-3/libtestfloat.a.p/source_test_az_extF80_rx.c.o
[2438/2927] Compiling C object subprojects/berkeley-testfloat-3/libtestfloat.a.p/source_test_a_f128_z_ui32_rx.c.o
[2439/2927] Compiling C object subprojects/berkeley-testfloat-3/libtestfloat.a.p/source_test_ab_extF80_z_bool.c.o
[2440/2927] Compiling C object subprojects/berkeley-testfloat-3/libtestfloat.a.p/source_test_abz_extF80.c.o
[2441/2927] Compiling C object subprojects/berkeley-testfloat-3/libtestfloat.a.p/source_test_a_f128_z_ui64_rx.c.o
[2442/2927] Compiling C object subprojects/berkeley-testfloat-3/libtestfloat.a.p/source_test_a_f128_z_i32_rx.c.o
[2443/2927] Compiling C object subprojects/berkeley-testfloat-3/libtestfloat.a.p/source_test_a_f128_z_ui64_x.c.o
[2444/2927] Compiling C object subprojects/berkeley-testfloat-3/libtestfloat.a.p/source_test_a_f128_z_ui32_x.c.o
[2445/2927] Compiling C object subprojects/berkeley-testfloat-3/libtestfloat.a.p/source_test_a_f128_z_i64_x.c.o
[2446/2927] Compiling C object subprojects/berkeley-testfloat-3/libtestfloat.a.p/source_test_a_f128_z_i64_rx.c.o
[2447/2927] Compiling C object subprojects/berkeley-testfloat-3/libtestfloat.a.p/source_test_a_f128_z_i32_x.c.o
[2448/2927] Compiling C object subprojects/berkeley-testfloat-3/libtestfloat.a.p/source_test_a_f128_z_f16.c.o
[2449/2927] Compiling C object subprojects/berkeley-testfloat-3/libtestfloat.a.p/source_test_a_f128_z_f64.c.o
[2450/2927] Compiling C object subprojects/berkeley-testfloat-3/libtestfloat.a.p/source_test_a_f128_z_f32.c.o
[2451/2927] Compiling C object subprojects/berkeley-testfloat-3/libtestfloat.a.p/source_test_a_f128_z_extF80.c.o
[2452/2927] Compiling C object subprojects/berkeley-testfloat-3/libtestfloat.a.p/source_test_az_f128_rx.c.o
[2453/2927] Compiling C object subprojects/berkeley-testfloat-3/libtestfloat.a.p/source_test_abz_f128.c.o
[2454/2927] Compiling C object subprojects/berkeley-testfloat-3/libtestfloat.a.p/source_test_az_f128.c.o
[2455/2927] Compiling C object subprojects/berkeley-testfloat-3/libtestfloat.a.p/source_test_abcz_f128.c.o
[2456/2927] Compiling C object subprojects/berkeley-testfloat-3/libtestfloat.a.p/source_test_ab_f128_z_bool.c.o
[2457/2927] Linking static target subprojects/berkeley-testfloat-3/libtestfloat.a
[2458/2927] Compiling C object tests/tcg/plugins/libbb.so.p/bb.c.o
[2459/2927] Compiling C object tests/fp/fp-test-log2.p/fp-test-log2.c.o
[2460/2927] Linking target tests/tcg/plugins/libbb.so
[2461/2927] Compiling C object tests/tcg/plugins/libempty.so.p/empty.c.o
[2462/2927] Linking target tests/tcg/plugins/libempty.so
[2463/2927] Compiling C object tests/tcg/plugins/libinline.so.p/inline.c.o
[2464/2927] Linking target tests/tcg/plugins/libinline.so
[2465/2927] Compiling C object tests/tcg/plugins/libinsn.so.p/insn.c.o
[2466/2927] Linking target tests/tcg/plugins/libinsn.so
[2467/2927] Compiling C object tests/tcg/plugins/libreset.so.p/reset.c.o
[2468/2927] Linking target tests/tcg/plugins/libreset.so
[2469/2927] Compiling C object tests/tcg/plugins/libmem.so.p/mem.c.o
[2470/2927] Linking target tests/tcg/plugins/libmem.so
[2471/2927] Compiling C object tests/fp/fp-test.p/fp-test.c.o
[2472/2927] Compiling C object tests/tcg/plugins/libsyscall.so.p/syscall.c.o
[2473/2927] Linking target tests/tcg/plugins/libsyscall.so
[2474/2927] Compiling C object tests/tcg/plugins/libpatch.so.p/patch.c.o
[2475/2927] Linking target tests/tcg/plugins/libpatch.so
[2476/2927] Compiling C object tests/unit/check-qnum.p/check-qnum.c.o
[2477/2927] Compiling C object tests/unit/check-qdict.p/check-qdict.c.o
[2478/2927] Linking target tests/unit/check-qnum
[2479/2927] Linking target tests/unit/check-qdict
[2480/2927] Compiling C object subprojects/berkeley-testfloat-3/libslowfloat.a.p/source_slowfloat.c.o
[2481/2927] Linking static target subprojects/berkeley-testfloat-3/libslowfloat.a
[2482/2927] Compiling C object tests/unit/check-block-qdict.p/check-block-qdict.c.o
[2483/2927] Compiling C object tests/unit/check-qstring.p/check-qstring.c.o
[2484/2927] Compiling C object tests/unit/check-qlist.p/check-qlist.c.o
[2485/2927] Linking target tests/unit/check-block-qdict
[2486/2927] Linking target tests/unit/check-qstring
[2487/2927] Compiling C object tests/unit/check-qnull.p/check-qnull.c.o
[2488/2927] Linking target tests/unit/check-qlist
[2489/2927] Linking target tests/unit/check-qnull
[2490/2927] Compiling C object tests/unit/check-qobject.p/check-qobject.c.o
[2491/2927] Compiling C object tests/fp/fp-bench.p/fp-bench.c.o
[2492/2927] Compiling C object tests/unit/test-error-report.p/test-error-report.c.o
[2493/2927] Compiling C object tests/unit/check-qlit.p/check-qlit.c.o
[2494/2927] Linking target tests/unit/check-qobject
[2495/2927] Linking target tests/unit/test-error-report
[2496/2927] Linking target tests/unit/check-qlit
[2497/2927] Compiling C object tests/unit/test-clone-visitor.p/test-clone-visitor.c.o
[2498/2927] Compiling C object tests/unit/test-forward-visitor.p/test-forward-visitor.c.o
[2499/2927] Compiling C object tests/unit/check-qjson.p/check-qjson.c.o
[2500/2927] Linking target tests/unit/test-clone-visitor
[2501/2927] Linking target tests/unit/test-forward-visitor
[2502/2927] Linking target tests/unit/check-qjson
[2503/2927] Compiling C object tests/unit/test-qobject-output-visitor.p/test-qobject-output-visitor.c.o
[2504/2927] Compiling C object tests/unit/test-string-output-visitor.p/test-string-output-visitor.c.o
[2505/2927] Linking target tests/unit/test-qobject-output-visitor
[2506/2927] Linking target tests/unit/test-string-output-visitor
[2507/2927] Compiling C object tests/unit/test-qobject-input-visitor.p/test-qobject-input-visitor.c.o
[2508/2927] Compiling C object tests/unit/test-visitor-serialization.p/test-visitor-serialization.c.o
[2509/2927] Compiling C object tests/unit/test-string-input-visitor.p/test-string-input-visitor.c.o
[2510/2927] Linking target tests/unit/test-qobject-input-visitor
[2511/2927] Compiling C object tests/unit/test-bitmap.p/test-bitmap.c.o
[2512/2927] Linking target tests/unit/test-visitor-serialization
[2513/2927] Linking target tests/unit/test-string-input-visitor
[2514/2927] Linking target tests/unit/test-bitmap
[2515/2927] Compiling C object tests/unit/test-resv-mem.p/test-resv-mem.c.o
[2516/2927] Compiling C object tests/unit/test-x86-topo.p/test-x86-topo.c.o
[2517/2927] Compiling C object tests/unit/test-div128.p/test-div128.c.o
[2518/2927] Linking target tests/unit/test-resv-mem
[2519/2927] Compiling C object tests/unit/test-shift128.p/test-shift128.c.o
[2520/2927] Linking target tests/unit/test-x86-topo
[2521/2927] Linking target tests/unit/test-div128
[2522/2927] Linking target tests/unit/test-shift128
[2523/2927] Compiling C object tests/unit/test-mul64.p/test-mul64.c.o
[2524/2927] Linking target tests/unit/test-mul64
[2525/2927] Compiling C object tests/unit/rcutorture.p/rcutorture.c.o
[2526/2927] Compiling C object tests/unit/test-int128.p/test-int128.c.o
[2527/2927] Compiling C object tests/unit/test-rcu-list.p/test-rcu-list.c.o
[2528/2927] Linking target tests/unit/test-int128
[2529/2927] Linking target tests/unit/rcutorture
[2530/2927] Linking target tests/unit/test-rcu-list
[2531/2927] Compiling C object tests/unit/test-rcu-simpleq.p/test-rcu-simpleq.c.o
[2532/2927] Linking target tests/unit/test-rcu-simpleq
[2533/2927] Compiling C object tests/unit/test-rcu-tailq.p/test-rcu-tailq.c.o
[2534/2927] Compiling C object tests/unit/test-rcu-slist.p/test-rcu-slist.c.o
[2535/2927] Compiling C object tests/unit/test-qdist.p/test-qdist.c.o
[2536/2927] Linking target tests/unit/test-rcu-tailq
[2537/2927] Linking target tests/unit/test-rcu-slist
[2538/2927] Linking target tests/unit/test-qdist
[2539/2927] Compiling C object tests/unit/test-qht.p/test-qht.c.o
[2540/2927] Compiling C object tests/unit/test-bitcnt.p/test-bitcnt.c.o
[2541/2927] Compiling C object tests/unit/test-qtree.p/test-qtree.c.o
[2542/2927] Linking target tests/unit/test-qht
[2543/2927] Compiling C object tests/unit/test-bitops.p/test-bitops.c.o
[2544/2927] Linking target tests/unit/test-bitcnt
[2545/2927] Linking target tests/unit/test-qtree
[2546/2927] Linking target tests/unit/test-bitops
[2547/2927] Compiling C object tests/unit/check-qom-interface.p/check-qom-interface.c.o
[2548/2927] Compiling C object tests/unit/test-qgraph.p/test-qgraph.c.o
[2549/2927] Linking target tests/unit/check-qom-interface
[2550/2927] Compiling C object tests/unit/check-qom-proplist.p/check-qom-proplist.c.o
[2551/2927] Compiling C object tests/unit/test-qgraph.p/.._qtest_libqos_qgraph.c.o
[2552/2927] Linking target tests/unit/check-qom-proplist
[2553/2927] Linking target tests/unit/test-qgraph
[2554/2927] Compiling C object tests/unit/test-qapi-util.p/test-qapi-util.c.o
[2555/2927] Compiling C object tests/unit/test-logging.p/test-logging.c.o
[2556/2927] Linking target tests/unit/test-qapi-util
[2557/2927] Linking target tests/unit/test-logging
[2558/2927] Compiling C object tests/unit/test-cutils.p/test-cutils.c.o
[2559/2927] Compiling C object tests/unit/test-qemu-opts.p/test-qemu-opts.c.o
[2560/2927] Linking target tests/unit/test-cutils
[2561/2927] Compiling C object tests/unit/test-interval-tree.p/test-interval-tree.c.o
[2562/2927] Compiling C object tests/unit/test-keyval.p/test-keyval.c.o
[2563/2927] Linking target tests/unit/test-qemu-opts
[2564/2927] Compiling C object tests/unit/test-fifo.p/test-fifo.c.o
[2565/2927] Linking target tests/unit/test-interval-tree
[2566/2927] Linking target tests/unit/test-keyval
[2567/2927] Compiling C object tests/unit/test-qmp-event.p/test-qmp-event.c.o
[2568/2927] Linking target tests/unit/test-fifo
[2569/2927] Linking target tests/unit/test-qmp-event
[2570/2927] Compiling C object tests/unit/test-coroutine.p/iothread.c.o
[2571/2927] Compiling C object tests/unit/test-aio.p/iothread.c.o
[2572/2927] Compiling C object tests/unit/test-coroutine.p/test-coroutine.c.o
[2573/2927] Compiling C object tests/unit/test-aio-multithread.p/iothread.c.o
[2574/2927] Compiling C object tests/unit/test-aio-multithread.p/test-aio-multithread.c.o
[2575/2927] Linking target tests/unit/test-coroutine
[2576/2927] Compiling C object tests/unit/test-throttle.p/iothread.c.o
[2577/2927] Linking target tests/unit/test-aio-multithread
[2578/2927] Compiling C object tests/unit/test-aio.p/test-aio.c.o
[2579/2927] Compiling C object tests/unit/test-thread-pool.p/iothread.c.o
[2580/2927] Compiling C object tests/unit/test-throttle.p/test-throttle.c.o
[2581/2927] Compiling C object tests/unit/test-thread-pool.p/test-thread-pool.c.o
[2582/2927] Compiling C object tests/unit/test-hbitmap.p/iothread.c.o
[2583/2927] Linking target tests/unit/test-aio
[2584/2927] Linking target tests/unit/test-thread-pool
[2585/2927] Linking target tests/unit/test-throttle
[2586/2927] Compiling C object tests/unit/test-bdrv-drain.p/iothread.c.o
[2587/2927] Compiling C object tests/unit/test-bdrv-graph-mod.p/iothread.c.o
[2588/2927] Compiling C object tests/unit/test-bdrv-graph-mod.p/test-bdrv-graph-mod.c.o
[2589/2927] Compiling C object tests/unit/test-blockjob.p/iothread.c.o
[2590/2927] Compiling C object tests/unit/test-hbitmap.p/test-hbitmap.c.o
[2591/2927] Compiling C object tests/unit/test-blockjob.p/test-blockjob.c.o
[2592/2927] Linking target tests/unit/test-bdrv-graph-mod
[2593/2927] Compiling C object tests/unit/test-blockjob-txn.p/test-blockjob-txn.c.o
[2594/2927] Linking target tests/unit/test-hbitmap
[2595/2927] Linking target tests/unit/test-blockjob
[2596/2927] Compiling C object tests/unit/test-blockjob-txn.p/iothread.c.o
[2597/2927] Compiling C object tests/unit/test-bdrv-drain.p/test-bdrv-drain.c.o
[2598/2927] Compiling C object tests/unit/test-block-backend.p/iothread.c.o
[2599/2927] Compiling C object tests/unit/test-block-backend.p/test-block-backend.c.o
[2600/2927] Linking target tests/unit/test-blockjob-txn
[2601/2927] Linking target tests/unit/test-bdrv-drain
[2602/2927] Compiling C object tests/unit/test-block-iothread.p/iothread.c.o
[2603/2927] Linking target tests/unit/test-block-backend
[2604/2927] Compiling C object tests/unit/test-write-threshold.p/test-write-threshold.c.o
[2605/2927] Compiling C object tests/unit/test-write-threshold.p/iothread.c.o
[2606/2927] Compiling C object tests/unit/test-block-iothread.p/test-block-iothread.c.o
[2607/2927] Linking target tests/unit/test-write-threshold
[2608/2927] Compiling C object tests/unit/test-crypto-hash.p/test-crypto-hash.c.o
[2609/2927] Compiling C object tests/unit/test-crypto-hmac.p/test-crypto-hmac.c.o
[2610/2927] Compiling C object tests/unit/test-crypto-cipher.p/test-crypto-cipher.c.o
[2611/2927] Linking target tests/unit/test-crypto-hmac
[2612/2927] Linking target tests/unit/test-crypto-hash
[2613/2927] Linking target tests/unit/test-crypto-cipher
[2614/2927] Linking target tests/unit/test-block-iothread
[2615/2927] Compiling C object tests/unit/test-crypto-akcipher.p/test-crypto-akcipher.c.o
[2616/2927] Compiling C object tests/unit/test-authz-simple.p/test-authz-simple.c.o
[2617/2927] Compiling C object tests/unit/test-crypto-der.p/test-crypto-der.c.o
[2618/2927] Linking target tests/unit/test-crypto-akcipher
[2619/2927] Compiling C object tests/unit/test-crypto-secret.p/test-crypto-secret.c.o
[2620/2927] Compiling C object tests/unit/test-authz-list.p/test-authz-list.c.o
[2621/2927] Linking target tests/unit/test-authz-simple
[2622/2927] Linking target tests/unit/test-crypto-der
[2623/2927] Linking target tests/unit/test-crypto-secret
[2624/2927] Linking target tests/unit/test-authz-list
[2625/2927] Compiling C object tests/unit/test-io-task.p/iothread.c.o
[2626/2927] Compiling C object tests/unit/test-authz-listfile.p/test-authz-listfile.c.o
[2627/2927] Compiling C object tests/unit/test-io-task.p/test-io-task.c.o
[2628/2927] Compiling C object tests/unit/test-io-channel-socket.p/socket-helpers.c.o
[2629/2927] Linking target tests/unit/test-authz-listfile
[2630/2927] Compiling C object tests/unit/test-io-channel-socket.p/io-channel-helpers.c.o
[2631/2927] Linking target tests/unit/test-io-task
[2632/2927] Compiling C object tests/unit/test-io-channel-file.p/test-io-channel-file.c.o
[2633/2927] Compiling C object tests/unit/test-io-channel-socket.p/test-io-channel-socket.c.o
[2634/2927] Compiling C object tests/unit/test-io-channel-file.p/io-channel-helpers.c.o
[2635/2927] Compiling C object tests/unit/test-io-channel-command.p/test-io-channel-command.c.o
[2636/2927] Compiling C object tests/unit/test-io-channel-buffer.p/test-io-channel-buffer.c.o
[2637/2927] Linking target tests/unit/test-io-channel-socket
[2638/2927] Compiling C object tests/fp/fp-test-log2.p/.._.._fpu_softfloat.c.o
[2639/2927] Compiling C object tests/unit/test-io-channel-command.p/io-channel-helpers.c.o
[2640/2927] Linking target tests/unit/test-io-channel-file
[2641/2927] Compiling C object tests/unit/test-crypto-ivgen.p/test-crypto-ivgen.c.o
[2642/2927] Linking target tests/fp/fp-test-log2
[2643/2927] Compiling C object tests/unit/test-io-channel-buffer.p/io-channel-helpers.c.o
[2644/2927] Compiling C object tests/unit/test-io-channel-null.p/test-io-channel-null.c.o
[2645/2927] Linking target tests/unit/test-io-channel-command
[2646/2927] Compiling C object tests/fp/fp-bench.p/.._.._fpu_softfloat.c.o
[2647/2927] Linking target tests/unit/test-crypto-ivgen
[2648/2927] Linking target tests/unit/test-io-channel-null
[2649/2927] Linking target tests/unit/test-io-channel-buffer
[2650/2927] Compiling C object tests/unit/test-crypto-afsplit.p/test-crypto-afsplit.c.o
[2651/2927] Compiling C object tests/unit/test-crypto-block.p/test-crypto-block.c.o
[2652/2927] Linking target tests/fp/fp-bench
[2653/2927] Compiling C object tests/unit/test-timed-average.p/test-timed-average.c.o
[2654/2927] Compiling C object tests/fp/fp-test.p/.._.._fpu_softfloat.c.o
[2655/2927] Compiling C object tests/unit/test-uuid.p/test-uuid.c.o
[2656/2927] Linking target tests/unit/test-crypto-afsplit
[2657/2927] Compiling C object tests/unit/test-image-locking.p/iothread.c.o
[2658/2927] Linking target tests/unit/test-crypto-block
[2659/2927] Linking target tests/unit/test-timed-average
[2660/2927] Linking target tests/unit/test-uuid
[2661/2927] Compiling C object tests/unit/test-nested-aio-poll.p/test-nested-aio-poll.c.o
[2662/2927] Compiling C object tests/unit/test-image-locking.p/test-image-locking.c.o
[2663/2927] Linking target tests/fp/fp-test
[2664/2927] Compiling C object tests/unit/test-replication.p/iothread.c.o
[2665/2927] Linking target tests/unit/test-nested-aio-poll
[2666/2927] Compiling C object tests/unit/test-crypto-pbkdf.p/test-crypto-pbkdf.c.o
[2667/2927] Compiling C object tests/unit/ptimer-test.p/ptimer-test-stubs.c.o
[2668/2927] Compiling C object tests/unit/test-replication.p/test-replication.c.o
[2669/2927] Linking target tests/unit/test-crypto-pbkdf
[2670/2927] Linking target tests/unit/test-image-locking
[2671/2927] Compiling C object tests/unit/ptimer-test.p/8f826007d35b695dc826c92b39bf4ba1978c5d4a_work_FEMU_hw_core_ptimer.c.o
[2672/2927] Compiling C object tests/unit/test-opts-visitor.p/test-opts-visitor.c.o
[2673/2927] Linking target tests/unit/test-replication
[2674/2927] Linking target tests/unit/test-opts-visitor
[2675/2927] Compiling C object tests/unit/test-virtio-dmabuf.p/test-virtio-dmabuf.c.o
[2676/2927] Compiling C object tests/unit/ptimer-test.p/ptimer-test.c.o
[2677/2927] Compiling C object tests/unit/test-iov.p/test-iov.c.o
[2678/2927] Compiling C object tests/unit/test-virtio-dmabuf.p/7f454da017783d3540accc8d82ae7ce1682fd5c6_work_FEMU_hw_display_virtio-dmabuf.c.o
[2679/2927] Linking target tests/unit/test-iov
[2680/2927] Linking target tests/unit/ptimer-test
[2681/2927] Compiling C object tests/unit/test-xbzrle.p/test-xbzrle.c.o
[2682/2927] Linking target tests/unit/test-virtio-dmabuf
[2683/2927] Compiling C object tests/unit/test-util-sockets.p/socket-helpers.c.o
[2684/2927] Compiling C object tests/unit/test-qmp-cmds.p/test-qmp-cmds.c.o
[2685/2927] Compiling C object tests/unit/test-base64.p/test-base64.c.o
[2686/2927] Linking target tests/unit/test-xbzrle
[2687/2927] Compiling C object tests/unit/test-bufferiszero.p/test-bufferiszero.c.o
[2688/2927] Linking target tests/unit/test-qmp-cmds
[2689/2927] Linking target tests/unit/test-base64
[2690/2927] Linking target tests/unit/test-bufferiszero
[2691/2927] Compiling C object tests/unit/test-util-sockets.p/test-util-sockets.c.o
[2692/2927] Compiling C object tests/unit/test-yank.p/socket-helpers.c.o
[2693/2927] Linking target tests/unit/test-util-sockets
[2694/2927] Compiling C object tests/unit/test-smp-parse.p/df605f14d9cf15609a67ec6d5abf0740ad477910_work_FEMU_hw_core_machine-smp.c.o
[2695/2927] Compiling C object tests/unit/test-yank.p/test-yank.c.o
[2696/2927] Compiling C object tests/unit/test-smp-parse.p/test-smp-parse.c.o
[2697/2927] Compiling C object tests/unit/test-char.p/socket-helpers.c.o
[2698/2927] Linking target tests/unit/test-yank
[2699/2927] Linking target tests/unit/test-smp-parse
[2700/2927] Compiling C object tests/unit/test-qdev-global-props.p/test-qdev-global-props.c.o
[2701/2927] Compiling C object tests/unit/test-xs-node.p/test-xs-node.c.o
[2702/2927] Compiling C object tests/unit/test-util-filemonitor.p/test-util-filemonitor.c.o
[2703/2927] Compiling C object tests/unit/test-vmstate.p/test-vmstate.c.o
[2704/2927] Linking target tests/unit/test-xs-node
[2705/2927] Compiling C object tests/qtest/pxe-test.p/pxe-test.c.o
[2706/2927] Linking target tests/unit/test-qdev-global-props
[2707/2927] Linking target tests/unit/test-util-filemonitor
[2708/2927] Compiling C object tests/unit/test-qga.p/.._qtest_libqmp.c.o
[2709/2927] Linking target tests/unit/test-vmstate
[2710/2927] Compiling C object tests/qtest/pxe-test.p/boot-sector.c.o
[2711/2927] Compiling C object tests/qtest/test-filter-mirror.p/test-filter-mirror.c.o
[2712/2927] Compiling C object tests/qtest/test-netfilter.p/test-netfilter.c.o
[2713/2927] Compiling C object tests/qtest/vmgenid-test.p/boot-sector.c.o
[2714/2927] Linking target tests/qtest/pxe-test
[2715/2927] Compiling C object tests/qtest/vmgenid-test.p/vmgenid-test.c.o
[2716/2927] Compiling C object tests/qtest/test-filter-redirector.p/test-filter-redirector.c.o
[2717/2927] Linking target tests/qtest/test-netfilter
[2718/2927] Linking target tests/qtest/test-filter-mirror
[2719/2927] Linking target tests/qtest/test-filter-redirector
[2720/2927] Compiling C object tests/qtest/vmgenid-test.p/acpi-utils.c.o
[2721/2927] Compiling C object tests/unit/test-char.p/test-char.c.o
[2722/2927] Compiling C object tests/unit/test-qga.p/test-qga.c.o
[2723/2927] Linking target tests/qtest/vmgenid-test
[2724/2927] Compiling C object tests/qtest/fw_cfg-test.p/fw_cfg-test.c.o
[2725/2927] Linking target tests/unit/test-char
[2726/2927] Compiling C object tests/qtest/fdc-test.p/fdc-test.c.o
[2727/2927] Linking target tests/unit/test-qga
[2728/2927] Compiling C object tests/qtest/vmcoreinfo-test.p/vmcoreinfo-test.c.o
[2729/2927] Linking target tests/qtest/fw_cfg-test
[2730/2927] Compiling C object tests/qtest/tco-test.p/tco-test.c.o
[2731/2927] Linking target tests/qtest/fdc-test
[2732/2927] Linking target tests/qtest/vmcoreinfo-test
[2733/2927] Compiling C object tests/qtest/i440fx-test.p/i440fx-test.c.o
[2734/2927] Linking target tests/qtest/tco-test
[2735/2927] Linking target tests/qtest/i440fx-test
[2736/2927] Compiling C object tests/qtest/test-x86-cpuid-compat.p/test-x86-cpuid-compat.c.o
[2737/2927] Linking target tests/qtest/test-x86-cpuid-compat
[2738/2927] Compiling C object tests/qtest/numa-test.p/numa-test.c.o
[2739/2927] Compiling C object tests/qtest/wdt_ib700-test.p/wdt_ib700-test.c.o
[2740/2927] Compiling C object tests/qtest/ipmi-bt-test.p/ipmi-bt-test.c.o
[2741/2927] Compiling C object tests/qtest/ipmi-kcs-test.p/ipmi-kcs-test.c.o
[2742/2927] Compiling C object tests/qtest/ide-test.p/ide-test.c.o
[2743/2927] Linking target tests/qtest/numa-test
[2744/2927] Linking target tests/qtest/wdt_ib700-test
[2745/2927] Linking target tests/qtest/ipmi-bt-test
[2746/2927] Compiling C object tests/qtest/ahci-test.p/ahci-test.c.o
[2747/2927] Compiling C object tests/qtest/endianness-test.p/endianness-test.c.o
[2748/2927] Linking target tests/qtest/ipmi-kcs-test
[2749/2927] Compiling C object tests/qtest/pvpanic-test.p/pvpanic-test.c.o
[2750/2927] Linking target tests/qtest/ide-test
[2751/2927] Linking target tests/qtest/ahci-test
[2752/2927] Linking target tests/qtest/endianness-test
[2753/2927] Compiling C object tests/qtest/i82801b11-test.p/i82801b11-test.c.o
[2754/2927] Compiling C object tests/qtest/intel-hda-test.p/intel-hda-test.c.o
[2755/2927] Compiling C object tests/qtest/ioh3420-test.p/ioh3420-test.c.o
[2756/2927] Compiling C object tests/qtest/lpc-ich9-test.p/lpc-ich9-test.c.o
[2757/2927] Linking target tests/qtest/pvpanic-test
[2758/2927] Compiling C object tests/qtest/pvpanic-pci-test.p/pvpanic-pci-test.c.o
[2759/2927] Linking target tests/qtest/i82801b11-test
[2760/2927] Compiling C object tests/qtest/usb-hcd-uhci-test.p/usb-hcd-uhci-test.c.o
[2761/2927] Linking target tests/qtest/intel-hda-test
[2762/2927] Linking target tests/qtest/ioh3420-test
[2763/2927] Linking target tests/qtest/lpc-ich9-test
[2764/2927] Linking target tests/qtest/pvpanic-pci-test
[2765/2927] Compiling C object tests/qtest/usb-hcd-xhci-test.p/usb-hcd-xhci-test.c.o
[2766/2927] Compiling C object tests/qtest/usb-hcd-ehci-test.p/usb-hcd-ehci-test.c.o
[2767/2927] Linking target tests/qtest/usb-hcd-uhci-test
[2768/2927] Compiling C object tests/qtest/tpm-crb-test.p/tpm-tests.c.o
[2769/2927] Linking target tests/qtest/usb-hcd-ehci-test
[2770/2927] Linking target tests/qtest/usb-hcd-xhci-test
[2771/2927] Compiling C object tests/qtest/tpm-crb-test.p/tpm-emu.c.o
[2772/2927] Compiling C object tests/qtest/tpm-crb-test.p/tpm-util.c.o
[2773/2927] Compiling C object tests/qtest/tpm-crb-swtpm-test.p/tpm-crb-swtpm-test.c.o
[2774/2927] Compiling C object tests/qtest/tpm-crb-test.p/tpm-crb-test.c.o
[2775/2927] Compiling C object tests/qtest/tpm-tis-test.p/tpm-tis-test.c.o
[2776/2927] Compiling C object tests/qtest/tpm-crb-swtpm-test.p/tpm-tests.c.o
[2777/2927] Linking target tests/qtest/tpm-crb-test
[2778/2927] Compiling C object tests/qtest/tpm-crb-swtpm-test.p/tpm-emu.c.o
[2779/2927] Compiling C object tests/qtest/tpm-crb-swtpm-test.p/tpm-util.c.o
[2780/2927] Compiling C object tests/qtest/tpm-tis-test.p/tpm-emu.c.o
[2781/2927] Compiling C object tests/qtest/tpm-tis-swtpm-test.p/tpm-tis-swtpm-test.c.o
[2782/2927] Compiling C object tests/qtest/tpm-tis-test.p/tpm-tests.c.o
[2783/2927] Compiling C object tests/qtest/tpm-tis-test.p/tpm-util.c.o
[2784/2927] Compiling C object tests/qtest/rtc-test.p/rtc-test.c.o
[2785/2927] Linking target tests/qtest/tpm-crb-swtpm-test
[2786/2927] Compiling C object tests/qtest/tpm-tis-swtpm-test.p/tpm-emu.c.o
[2787/2927] Linking target tests/qtest/rtc-test
[2788/2927] Compiling C object tests/qtest/tpm-tis-swtpm-test.p/tpm-util.c.o
[2789/2927] Compiling C object tests/qtest/fuzz-e1000e-test.p/fuzz-e1000e-test.c.o
[2790/2927] Compiling C object tests/qtest/tpm-tis-test.p/tpm-tis-util.c.o
[2791/2927] Compiling C object tests/qtest/tpm-tis-swtpm-test.p/tpm-tests.c.o
[2792/2927] Compiling C object tests/qtest/fuzz-megasas-test.p/fuzz-megasas-test.c.o
[2793/2927] Compiling C object tests/qtest/rtl8139-test.p/rtl8139-test.c.o
[2794/2927] Linking target tests/qtest/fuzz-e1000e-test
[2795/2927] Compiling C object tests/qtest/fuzz-lsi53c895a-test.p/fuzz-lsi53c895a-test.c.o
[2796/2927] Compiling C object tests/qtest/fuzz-virtio-scsi-test.p/fuzz-virtio-scsi-test.c.o
[2797/2927] Linking target tests/qtest/tpm-tis-test
[2798/2927] Compiling C object tests/qtest/virtio-balloon-test.p/virtio-balloon-test.c.o
[2799/2927] Linking target tests/qtest/fuzz-megasas-test
[2800/2927] Compiling C object tests/qtest/tpm-tis-swtpm-test.p/tpm-tis-util.c.o
[2801/2927] Linking target tests/qtest/rtl8139-test
[2802/2927] Linking target tests/qtest/fuzz-virtio-scsi-test
[2803/2927] Linking target tests/qtest/virtio-balloon-test
[2804/2927] Compiling C object tests/qtest/fuzz-sb16-test.p/fuzz-sb16-test.c.o
[2805/2927] Linking target tests/qtest/fuzz-lsi53c895a-test
[2806/2927] Compiling C object tests/qtest/fuzz-sdcard-test.p/fuzz-sdcard-test.c.o
[2807/2927] Linking target tests/qtest/tpm-tis-swtpm-test
[2808/2927] Compiling C object tests/qtest/am53c974-test.p/am53c974-test.c.o
[2809/2927] Linking target tests/qtest/fuzz-sb16-test
[2810/2927] Compiling C object tests/qtest/q35-test.p/q35-test.c.o
[2811/2927] Linking target tests/qtest/fuzz-sdcard-test
[2812/2927] Compiling C object tests/qtest/virtio-net-failover.p/migration_bootfile.c.o
[2813/2927] Linking target tests/qtest/am53c974-test
[2814/2927] Compiling C object tests/qtest/intel-iommu-test.p/intel-iommu-test.c.o
[2815/2927] Linking target tests/qtest/q35-test
[2816/2927] Compiling C object tests/qtest/erst-test.p/erst-test.c.o
[2817/2927] Linking target tests/qtest/erst-test
[2818/2927] Linking target tests/qtest/intel-iommu-test
[2819/2927] Compiling C object tests/qtest/virtio-net-failover.p/migration_migration-util.c.o
[2820/2927] Compiling C object tests/qtest/virtio-net-failover.p/migration_cpr-tests.c.o
[2821/2927] Compiling C object tests/qtest/virtio-net-failover.p/migration_compression-tests.c.o
[2822/2927] Compiling C object tests/qtest/virtio-net-failover.p/migration_framework.c.o
[2823/2927] Compiling C object tests/qtest/virtio-net-failover.p/migration_migration-qmp.c.o
[2824/2927] Compiling C object tests/qtest/virtio-net-failover.p/migration_postcopy-tests.c.o
[2825/2927] Compiling C object tests/qtest/virtio-net-failover.p/migration_misc-tests.c.o
[2826/2927] Compiling C object tests/qtest/virtio-net-failover.p/migration_file-tests.c.o
[2827/2927] Compiling C object tests/qtest/bios-tables-test.p/boot-sector.c.o
[2828/2927] Compiling C object tests/qtest/bios-tables-test.p/acpi-utils.c.o
[2829/2927] Compiling C object tests/qtest/display-vga-test.p/display-vga-test.c.o
[2830/2927] Compiling C object tests/qtest/bios-tables-test.p/tpm-emu.c.o
[2831/2927] Compiling C object tests/qtest/virtio-net-failover.p/migration_precopy-tests.c.o
[2832/2927] Linking target tests/qtest/display-vga-test
[2833/2927] Compiling C object tests/qtest/cxl-test.p/cxl-test.c.o
[2834/2927] Compiling C object tests/qtest/ivshmem-test.p/.._.._contrib_ivshmem-server_ivshmem-server.c.o
[2835/2927] Compiling C object tests/qtest/ivshmem-test.p/ivshmem-test.c.o
[2836/2927] Compiling C object tests/qtest/boot-order-test.p/boot-order-test.c.o
[2837/2927] Linking target tests/qtest/cxl-test
[2838/2927] Compiling C object tests/qtest/device-plug-test.p/device-plug-test.c.o
[2839/2927] Linking target tests/qtest/ivshmem-test
[2840/2927] Linking target tests/qtest/boot-order-test
[2841/2927] Linking target tests/qtest/device-plug-test
[2842/2927] Compiling C object tests/qtest/drive_del-test.p/drive_del-test.c.o
[2843/2927] Compiling C object tests/qtest/migration-test.p/migration-test.c.o
[2844/2927] Compiling C object tests/qtest/cpu-plug-test.p/cpu-plug-test.c.o
[2845/2927] Linking target tests/qtest/drive_del-test
[2846/2927] Compiling C object tests/qtest/migration-test.p/migration_bootfile.c.o
[2847/2927] Compiling C object tests/qtest/hd-geo-test.p/hd-geo-test.c.o
[2848/2927] Linking target tests/qtest/cpu-plug-test
[2849/2927] Linking target tests/qtest/hd-geo-test
[2850/2927] Compiling C object tests/qtest/migration-test.p/migration_compression-tests.c.o
[2851/2927] Compiling C object tests/qtest/migration-test.p/migration_migration-util.c.o
[2852/2927] Compiling C object tests/qtest/migration-test.p/migration_migration-qmp.c.o
[2853/2927] Compiling C object tests/qtest/migration-test.p/migration_cpr-tests.c.o
[2854/2927] Compiling C object tests/qtest/migration-test.p/migration_framework.c.o
[2855/2927] Compiling C object tests/qtest/migration-test.p/migration_misc-tests.c.o
[2856/2927] Compiling C object tests/qtest/bios-tables-test.p/bios-tables-test.c.o
[2857/2927] Compiling C object tests/qtest/migration-test.p/migration_file-tests.c.o
[2858/2927] Compiling C object tests/qtest/migration-test.p/migration_postcopy-tests.c.o
[2859/2927] Linking target tests/qtest/bios-tables-test
[2860/2927] Compiling C object tests/qtest/cdrom-test.p/boot-sector.c.o
[2861/2927] Compiling C object tests/qtest/cdrom-test.p/cdrom-test.c.o
[2862/2927] Compiling C object tests/qtest/device-introspect-test.p/device-introspect-test.c.o
[2863/2927] Linking target tests/qtest/cdrom-test
[2864/2927] Compiling C object tests/qtest/migration-test.p/migration_precopy-tests.c.o
[2865/2927] Compiling C object tests/qtest/machine-none-test.p/machine-none-test.c.o
[2866/2927] Compiling C object tests/qtest/dbus-display-test.p/dbus-display-test.c.o
[2867/2927] Linking target tests/qtest/device-introspect-test
[2868/2927] Linking target tests/qtest/machine-none-test
[2869/2927] Compiling C object tests/qtest/virtio-net-failover.p/virtio-net-failover.c.o
[2870/2927] Compiling C object tests/qtest/qmp-test.p/qmp-test.c.o
[2871/2927] Linking target tests/qtest/migration-test
[2872/2927] Compiling C object tests/qtest/qmp-cmd-test.p/qmp-cmd-test.c.o
[2873/2927] Compiling C object tests/qtest/test-hmp.p/test-hmp.c.o
[2874/2927] Compiling C object tests/qtest/qom-test.p/qom-test.c.o
[2875/2927] Linking target tests/qtest/qmp-test
[2876/2927] Linking target tests/qtest/virtio-net-failover
[2877/2927] Compiling C object tests/qtest/qos-test.p/ac97-test.c.o
[2878/2927] Linking target tests/qtest/test-hmp
[2879/2927] Linking target tests/qtest/qmp-cmd-test
[2880/2927] Linking target tests/qtest/qom-test
[2881/2927] Compiling C object tests/qtest/qos-test.p/qos-test.c.o
[2882/2927] Compiling C object tests/qtest/qos-test.p/e1000-test.c.o
[2883/2927] Compiling C object tests/qtest/qos-test.p/adm1266-test.c.o
[2884/2927] Compiling C object tests/qtest/qos-test.p/eepro100-test.c.o
[2885/2927] Compiling C object tests/qtest/qos-test.p/ds1338-test.c.o
[2886/2927] Compiling C object tests/qtest/qos-test.p/es1370-test.c.o
[2887/2927] Compiling C object tests/qtest/qos-test.p/lsm303dlhc-mag-test.c.o
[2888/2927] Compiling C object tests/qtest/qos-test.p/adm1272-test.c.o
[2889/2927] Compiling C object tests/qtest/qos-test.p/megasas-test.c.o
[2890/2927] Compiling C object tests/qtest/qos-test.p/ne2000-test.c.o
[2891/2927] Compiling C object tests/qtest/qos-test.p/tulip-test.c.o
[2892/2927] Compiling C object tests/qtest/qos-test.p/pci-test.c.o
[2893/2927] Compiling C object tests/qtest/qos-test.p/pca9552-test.c.o
[2894/2927] Compiling C object tests/qtest/qos-test.p/pcnet-test.c.o
[2895/2927] Compiling C object tests/qtest/qos-test.p/nvme-test.c.o
[2896/2927] Compiling C object tests/qtest/qos-test.p/max34451-test.c.o
[2897/2927] Compiling C object tests/qtest/qos-test.p/isl_pmbus_vr-test.c.o
[2898/2927] Compiling C object tests/qtest/qos-test.p/spapr-phb-test.c.o
[2899/2927] Compiling C object tests/qtest/qos-test.p/rs5c372-test.c.o
[2900/2927] Compiling C object tests/qtest/qos-test.p/emc141x-test.c.o
[2901/2927] Compiling C object tests/qtest/qos-test.p/tmp105-test.c.o
[2902/2927] Compiling C object tests/qtest/qos-test.p/usb-hcd-ohci-test.c.o
[2903/2927] Compiling C object tests/qtest/qos-test.p/virtio-test.c.o
[2904/2927] Compiling C object tests/qtest/qos-test.p/sdhci-test.c.o
[2905/2927] Compiling C object tests/qtest/qos-test.p/virtio-rng-test.c.o
[2906/2927] Compiling C object tests/qtest/qos-test.p/vmxnet3-test.c.o
[2907/2927] Compiling C object tests/qtest/qos-test.p/virtio-net-test.c.o
[2908/2927] Compiling C object tests/qtest/qos-test.p/virtio-blk-test.c.o
[2909/2927] Compiling C object tests/qtest/qos-test.p/virtio-scsi-test.c.o
[2910/2927] Compiling C object tests/qtest/qos-test.p/igb-test.c.o
[2911/2927] Compiling C object tests/qtest/qos-test.p/ipoctal232-test.c.o
[2912/2927] Compiling C object tests/qtest/qos-test.p/virtio-iommu-test.c.o
[2913/2927] Compiling C object tests/qtest/qos-test.p/riscv-iommu-test.c.o
[2914/2927] Compiling C object tests/qtest/qos-test.p/virtio-serial-test.c.o
[2915/2927] Compiling C object tests/qtest/qos-test.p/e1000e-test.c.o
[2916/2927] Compiling C object tests/qtest/qos-test.p/ufs-test.c.o
[2917/2927] Compiling C object tests/qtest/readconfig-test.p/readconfig-test.c.o
[2918/2927] Compiling C object tests/qtest/qos-test.p/vhost-user-blk-test.c.o
[2919/2927] Compiling C object tests/qtest/netdev-socket.p/.._unit_socket-helpers.c.o
[2920/2927] Compiling C object tests/qtest/netdev-socket.p/netdev-socket.c.o
[2921/2927] Compiling C object tests/qtest/qos-test.p/vhost-user-test.c.o
[2922/2927] Linking target tests/qtest/readconfig-test
[2923/2927] Linking target tests/qtest/netdev-socket
[2924/2927] Compiling C object tests/qtest/qos-test.p/virtio-9p-test.c.o
[2925/2927] Linking target tests/qtest/qos-test
[2926/2927] Compiling C object tests/qtest/dbus-display-test.p/meson-generated_.._.._.._ui_dbus-display1.c.o
[2927/2927] Linking target tests/qtest/dbus-display-test

===> FEMU compilation done ...

